{
  "best": {
    "step": 120,
    "val_r1": 0.0078125,
    "val_r5": 0.03125,
    "val_mrr10": 0.016910032242063493
  },
  "last_step": 220,
  "elapsed_sec": 40.52944874763489
}