{
  "best": {
    "step": 160,
    "val_r1": 0.01171875,
    "val_r5": 0.03125,
    "val_mrr10": 0.01928633432539682
  },
  "last_step": 220,
  "elapsed_sec": 32.03748893737793
}