round,source_file,task,family,baseline_quick_acc,best_quick_cfg,best_quick_acc,best_quick_delta_pp,baseline_med_acc,best_med_cfg,best_med_acc,best_med_delta_pp,compare_mode,anchor_acc,best_med_delta_vs_anchor_pp,effective
20,_round20_serial_earlystop_records.jsonl,hotpot,hotpot,0.0616550968,scalar_l10_norm_detach,0.0616550968,0.0000000000,,,,,,0.0616550968,,0
20,_round20_serial_earlystop_records.jsonl,protein_ss,protein_ss,0.2466323166,scalar_l10_norm_detach,0.2911540683,4.4521751685,,scalar_l10_norm_node,0.3268675985,,med_vs_quick,0.2466323166,8.0235281875,1
21,_round21_targeted_search_records.jsonl,mbpp_fix,mbpp,0.1046464930,scalar_l8_trainable,0.1146428728,0.9996379866,,scalar_l8_trainable,0.2407353449,,med_vs_quick,0.1046464930,13.6088851920,1
21,_round21_targeted_search_records.jsonl,protein_contact_fix,protein_contact,0.9882812500,scalar_l8_norm_node,0.9882812500,0.0000000000,,,,,,0.9882812500,,0
21,_round21_targeted_search_records.jsonl,protein_ss_refine,protein_ss,0.2113711177,scalar_l10_trainable,0.2561682413,4.4797123671,,scalar_l10_sched_cos,0.3444893950,,med_vs_quick,0.2113711177,13.3118277282,1
22,_round22_adaptive_search_records.jsonl,mbpp_focus,mbpp,0.1548573454,scalar_l8_trainable,0.1456963078,-0.9161037641,,,,,,0.1548573454,,0
22,_round22_adaptive_search_records.jsonl,protein_ss_expand,protein_ss,0.2815098412,scalar_l10_nodetach,0.2965391305,1.5029289326,,,,,,0.2815098412,,0
22,_round22_adaptive_search_records.jsonl,sudoku4_refine,sudoku,0.5888671875,scalar_l8_trainable,0.6446533203,5.5786132812,,scalar_l6_trainable,0.9217529297,,med_vs_quick,0.5888671875,33.2885742188,1
22,_round22_adaptive_search_records.jsonl,sudoku9_probe,sudoku,0.0135289634,scalar_l6_trainable,0.0159108232,0.2381859756,,scalar_l6_trainable,0.0285823171,,med_vs_quick,0.0135289634,1.5053353659,1
23,_round23_real_task_sweep_records.jsonl,hotpot_rt,hotpot,0.0477272727,scalar_l10_trainable,0.0477272727,0.0000000000,,,,,,0.0477272727,,0
23,_round23_real_task_sweep_records.jsonl,mbpp_rt,mbpp,0.1539288835,head_l8,0.1411119940,-1.2816889444,,,,,,0.1539288835,,0
24,_round24_punc_protein_records.jsonl,protein_ss_rt,protein_ss,0.3016760992,scalar_l10_sched_cos,0.3068219685,0.5145869290,,scalar_l10_sched_cos,0.3431246933,,med_vs_quick,0.3016760992,4.1448594083,1
26,_round26_mbpp_hotpot_lowthroughput_records.jsonl,hotpot_low,hotpot,0.1433712121,scalar_l10_trainable,0.1433712121,0.0000000000,,,,,,0.1433712121,,0
26,_round26_mbpp_hotpot_lowthroughput_records.jsonl,mbpp_low,mbpp,0.1046464930,scalar_l8_trainable,0.1146428728,0.9996379866,,scalar_l8_trainable,0.2963962830,,med_vs_quick,0.1046464930,19.1749790060,1
27,_round27_seedcheck_positive_s012_records.jsonl,mbpp_low,mbpp,0.1398883251,scalar_l8_trainable,0.1431078383,0.3219513181,,scalar_l8_trainable,0.2538681392,,med_vs_quick,0.1398883251,11.3979814102,1
27,_round27_seedcheck_positive_s012_records.jsonl,punc_restore,punc,0.0918447293,head_l8,0.0998753561,0.8030626781,,head_l8,0.1168771912,,med_vs_quick,0.0918447293,2.5032461886,1
28,_round28_mbpp_bsz_sweep_s0_records.jsonl,mbpp,mbpp,0.1449920917,scalar_l8_trainable,0.1241614394,-2.0830652305,,scalar_l8_trainable,0.2538681392,,med_vs_quick,0.1449920917,10.8876047480,1
29,_round29_punc_seed5_s01234_records.jsonl,punc_restore,punc,0.0981357231,head_l8,0.1045049858,0.6369262619,,head_l8,0.1168771912,,med_vs_quick,0.0981357231,1.8741468095,1
32,_round32_protein_ss_seed5_s01234_records.jsonl,protein_ss,protein_ss,0.2863036932,scalar_l10_sched_cos,0.2814720308,-0.4831662362,,,,,,0.2863036932,,0
34,_round34_punc_transfer_s0_records.jsonl,punc_hotpot,punc,0.0918447293,head_l8,0.0998753561,0.8030626781,,scalar_l8_sched_cos,0.1188510101,,med_vs_quick,0.0918447293,2.7006280756,1
34,_round34_punc_transfer_s0_records.jsonl,punc_mbpp,punc,0.3761656818,scalar_l8_sched_cos,0.4067224900,3.0556808199,,scalar_l8_sched_cos,0.4825156325,,med_vs_quick,0.3761656818,10.6349950705,1
35,_round35_punc_transfer_prune_s0_records.jsonl,punc_hotpot,punc,0.0850029192,head_l8,0.0990996300,1.4096710719,,head_l8,0.1079687084,,med_vs_quick,0.0850029192,2.2965789146,1
35,_round35_punc_transfer_prune_s0_records.jsonl,punc_mbpp,punc,0.4082812907,scalar_l8_sched_cos,0.4211098100,1.2828519386,,scalar_l8_sched_cos,0.4679906749,,med_vs_quick,0.4082812907,5.9709384269,1
36,_round36_punc_scene_discovery_s0_records.jsonl,punc_hotpot,punc,0.0850029192,head_l8,0.0990996300,1.4096710719,,head_l8,0.1079687084,,med_vs_quick,0.0850029192,2.2965789146,1
36,_round36_punc_scene_discovery_s0_records.jsonl,punc_mbpp,punc,0.4082812907,scalar_l8_sched_cos,0.4211098100,1.2828519386,,scalar_l8_sched_cos,0.4527679493,,med_vs_quick,0.4082812907,4.4486658627,1
36,_round36_punc_scene_discovery_s0_records.jsonl,punc_squad,punc,0.1121975612,scalar_l8_sched_cos,0.1311973845,1.8999823276,,scalar_l8_sched_cos,0.1573875734,,med_vs_quick,0.1121975612,4.5190012224,1
61,_round61_strict_seed1_frontier_records.jsonl,mbpp_strict_seed1,mbpp,0.4043095962,head_l10_strong,0.4386401327,3.4330536491,0.4666541379,head_l10_strong,0.4701445393,0.3490401396,med_vs_med,0.4666541379,0.3490401396,1
61,_round61_strict_seed1_frontier_records.jsonl,squad_strict_seed1,squad,0.1482678319,scalar_l8_train1e4,0.1457828283,-0.2485003629,,,,,,0.1482678319,,0
62,_round62_3h_finishpack_records.jsonl,mbpp_strict_seed2_confirm,mbpp,0.4136137494,head_l10_strong,0.4210387457,0.7424996231,0.4715105691,head_l10_strong,0.4516622198,-1.9848349294,med_vs_med,0.4715105691,-1.9848349294,0
62,_round62_3h_finishpack_records.jsonl,punc_restore_seed0_scout,punc,0.0844043344,head_l8,0.1009891010,1.6584766585,0.1058773059,head_l8,0.1109449193,0.5067613401,med_vs_med,0.1058773059,0.5067613401,1
62,_round62_3h_finishpack_records.jsonl,squad_strict_seed1_rescue,squad,0.1483080808,scalar_l8_sched_ultra,0.1482285834,-0.0079497418,,,,,,0.1483080808,,0
63,_round63_useful_followup_records.jsonl,mbpp_seed2_regrescue,mbpp,0.3910749284,head_l10_clip07,0.4251519757,3.4077047296,0.4669261087,head_l10_clip07,0.4897465047,2.2820396085,med_vs_med,0.4669261087,2.2820396085,1
63,_round63_useful_followup_records.jsonl,punc_restore_seed1_confirm,punc,0.0791595792,scalar_l8_sched_cos,0.1033673534,2.4207774208,0.1220352126,scalar_l8_sched_cos,0.1431992337,2.1164021164,med_vs_med,0.1220352126,2.1164021164,1
63,_round63_useful_followup_records.jsonl,punc_restore_seed2_confirm,punc,0.0673686674,scalar_l8_sched_cos,0.0712647713,0.3896103896,0.1278252612,scalar_l8_sched_cos,0.1023535851,-2.5471676046,med_vs_med,0.1278252612,-2.5471676046,0
64,_round64_mbpp_punc_multiseed_records.jsonl,mbpp_seed0_clip07_confirm,mbpp,0.4068606166,head_l10_clip07,0.4070777247,0.0217108120,,,,,,0.4068606166,,0
64,_round64_mbpp_punc_multiseed_records.jsonl,mbpp_seed1_clip07_confirm,mbpp,0.4085632444,head_l10_clip07,0.3963887025,-1.2174541889,,,,,,0.4085632444,,0
64,_round64_mbpp_punc_multiseed_records.jsonl,punc_seed3_scalar_confirm,punc,0.1175738676,scalar_l8_sched_cos,0.1071316071,-1.0442260442,,,,,,0.1175738676,,0
65,_round65_mbpp_squad_seed23_records.jsonl,mbpp_seed3_regrescue,mbpp,0.4311020654,head_l10_strong,0.4235263079,-0.7575757576,,,,,,0.4311020654,,0
65,_round65_mbpp_squad_seed23_records.jsonl,squad_strict_seed2,squad,0.1457575758,scalar_l8_train1e4,0.1558585859,1.0101010101,0.1832837302,scalar_l8_train1e4,0.1904237030,0.7139972833,med_vs_med,0.1832837302,0.7139972833,1
66,_round66_squad_mbpp_frontier_records.jsonl,mbpp_strict_seed3_alt,mbpp,0.4089588697,head_l10_strong,0.4184758028,0.9516933061,0.4823201376,head_l10_strong,0.4675810001,-1.4739137493,med_vs_med,0.4823201376,-1.4739137493,0
66,_round66_squad_mbpp_frontier_records.jsonl,squad_seed0_train1e4_confirm,squad,0.1332575758,scalar_l8_train1e4,0.1404966246,0.7239048870,0.1727220765,scalar_l8_train1e4,0.1900331605,1.7311083978,med_vs_med,0.1727220765,1.7311083978,1
67,_round67_squad3_mbpp0_records.jsonl,mbpp_seed0_reconfirm_strict,mbpp,0.4060379919,head_l10_strong,0.4287652646,2.2727272727,0.4839325513,head_l10_strong,0.4993700337,1.5437482464,med_vs_med,0.4839325513,1.5437482464,1
67,_round67_squad3_mbpp0_records.jsonl,squad_seed3_train1e4_frontier,squad,0.1466857245,scalar_l8_train1e4,0.1406143702,-0.6071354303,,,,,,0.1466857245,,0
68,_round68_squad_head_rescue_records.jsonl,squad_seed1_head_rescue,squad,0.1482678319,head_l8_nodetach,0.1457828283,-0.2485003629,,,,,,0.1482678319,,0
68,_round68_squad_head_rescue_records.jsonl,squad_seed3_head_rescue,squad,0.1466857245,head_l8_nodetach,0.1390413232,-0.7644401337,,,,,,0.1466857245,,0
69,_round69_mbpp_squad_rescue_records.jsonl,mbpp_seed3_dualmed_rescue,mbpp,0.4089588697,head_l10_strong,0.4184758028,0.9516933061,0.4823201376,head_l8_nodetach,0.4828256987,0.0505561173,med_vs_med,0.4823201376,0.0505561173,1
69,_round69_mbpp_squad_rescue_records.jsonl,squad_seed1_scalar_micro,squad,0.1482678319,scalar_l8_train1e4,0.1457828283,-0.2485003629,,,,,,0.1482678319,,0
70,_round70_squad3_mbpp2_records.jsonl,mbpp_seed2_dualmed_recheck,mbpp,0.3910749284,head_l10_clip07,0.4251519757,3.4077047296,0.4669261087,head_l10_clip07,0.4897465047,2.2820396085,med_vs_med,0.4669261087,2.2820396085,1
70,_round70_squad3_mbpp2_records.jsonl,squad_seed3_scalar_micro,squad,0.1466857245,scalar_l8_train8e5,0.1440950509,-0.2590673575,,,,,,0.1466857245,,0
71,_round71_mbpp3_squad2_records.jsonl,mbpp_seed3_rescue384,mbpp,0.4311020654,head_l10_strong,0.4235263079,-0.7575757576,,,,,,0.4311020654,,0
71,_round71_mbpp3_squad2_records.jsonl,squad_seed2_scalar_reconfirm,squad,0.1457575758,scalar_l8_train1e4,0.1558585859,1.0101010101,0.1832837302,scalar_l8_train1e4,0.1904237030,0.7139972833,med_vs_med,0.1832837302,0.7139972833,1
72,_round72_mbpp3_squad1_rescue_records.jsonl,mbpp_seed3_nodetach_rescue384,mbpp,0.4311020654,head_l10_nodetach_clip07,0.4134629881,-1.7639077341,,,,,,0.4311020654,,0
72,_round72_mbpp3_squad1_rescue_records.jsonl,squad_seed1_lowpressure_rescue,squad,0.1483080808,scalar_l8_train1e4,0.1482828283,-0.0025252525,0.1937882397,scalar_l8_train1e4,0.1920245713,-0.1763668430,med_vs_med,0.1937882397,-0.1763668430,0
73,_round73_mbpp1_squad0_recheck_records.jsonl,mbpp_seed1_strict_recheck,mbpp,0.4043095962,head_l10_strong,0.4386401327,3.4330536491,0.4666541379,head_l10_strong,0.4701445393,0.3490401396,med_vs_med,0.4666541379,0.3490401396,1
73,_round73_mbpp1_squad0_recheck_records.jsonl,squad_seed0_frontier_recheck,squad,0.1332575758,scalar_l8_train1e4,0.1404966246,0.7239048870,0.1727220765,scalar_l8_train1e4,0.1900331605,1.7311083978,med_vs_med,0.1727220765,1.7311083978,1
74,_round74_punc1_squad2_frontier_records.jsonl,punc_seed1_frontier_recheck,punc,0.0791595792,scalar_l8_train1e4,0.1303943804,5.1234801235,0.1220352126,scalar_l8_train1e4,0.1303943804,0.8359167842,med_vs_med,0.1220352126,0.8359167842,1
74,_round74_punc1_squad2_frontier_records.jsonl,squad_seed2_frontier_recheck,squad,0.1457575758,scalar_l8_train1e4,0.1558585859,1.0101010101,0.1832837302,scalar_l8_train1e4,0.1904237030,0.7139972833,med_vs_med,0.1832837302,0.7139972833,1
75,_round75_mbpp3_punc0_targeted_records.jsonl,mbpp_seed3_l8_refine,mbpp,0.4089588697,head_l8_nodetach,0.4145136778,0.5554808068,0.4823201376,head_l8_nodetach,0.4828256987,0.0505561173,med_vs_med,0.4823201376,0.0505561173,1
75,_round75_mbpp3_punc0_targeted_records.jsonl,punc_seed0_frontier_recheck,punc,0.0844043344,head_l8,0.1009891010,1.6584766585,0.1058773059,head_l8,0.1109449193,0.5067613401,med_vs_med,0.1058773059,0.5067613401,1
76,_round76_punc1_squad0_dualmed_records.jsonl,punc_seed1_dualmed_compare,punc,0.0791595792,scalar_l8_train1e4,0.1303943804,5.1234801235,0.1087844255,scalar_l8_train1e4,0.1303943804,2.1609954943,med_vs_med,0.1087844255,2.1609954943,1
76,_round76_punc1_squad0_dualmed_records.jsonl,squad_seed0_dualmed_compare,squad,0.1332575758,scalar_l8_train1e4,0.1404966246,0.7239048870,0.1727220765,scalar_l8_train1e4,0.1900331605,1.7311083978,med_vs_med,0.1727220765,1.7311083978,1
77,_round77_fastdiscover_records.jsonl,arc_seed0_discovery,arc_mc,0.1035906768,scalar_l8_train8e5,0.1135822776,0.9991600756,0.1233192116,scalar_l8_train8e5,0.1262514422,0.2932230601,med_vs_med,0.1233192116,0.2932230601,1
77,_round77_fastdiscover_records.jsonl,hotpot_seed0_discovery,hotpot,0.0844043344,scalar_l8_train8e5,0.1035878536,1.9183519184,0.1047720798,scalar_l8_train8e5,0.1035878536,-0.1184226184,med_vs_med,0.1047720798,-0.1184226184,0
78,_round78_fastdiscover_records.jsonl,protein_ss_seed0_discovery,protein_ss,0.2717168607,scalar_l8_train1e4,0.3076746113,3.5957750623,0.2717168607,scalar_l8_train1e4,0.3076746113,3.5957750623,med_vs_med,0.2717168607,3.5957750623,1
79,_round79_fastdiscover_records.jsonl,hotpot_seed1_discovery,hotpot,0.0791595792,scalar_l8_train1e4,0.1303943804,5.1234801235,0.1087844255,scalar_l8_train1e4,0.1303943804,2.1609954943,med_vs_med,0.1087844255,2.1609954943,1
80,_round80_fastdiscover_records.jsonl,arc_seed1_discovery,arc_mc,0.0908518233,scalar_l8_sched_cos,0.0949114580,0.4059634633,,,,,,0.0908518233,,0
81,_round81_fastdiscover_records.jsonl,punc_seed1_anchor,punc,0.0791595792,scalar_l8_train1e4,0.1303943804,5.1234801235,0.1087844255,scalar_l8_train1e4,0.1303943804,2.1609954943,med_vs_med,0.1087844255,2.1609954943,1
81,_round81_fastdiscover_records.jsonl,squad_seed2_anchor,squad,0.1457575758,scalar_l8_train1e4,0.1558585859,1.0101010101,0.1832837302,scalar_l8_train1e4,0.1904237030,0.7139972833,med_vs_med,0.1832837302,0.7139972833,1
82,_round82_fastdiscover_records.jsonl,mbpp_seed2_anchor,mbpp,0.3910749284,scalar_l8_sched_cos,0.4118526200,2.0777691632,0.4669261087,scalar_l8_sched_cos,0.4758448959,0.8918787288,med_vs_med,0.4669261087,0.8918787288,1
82,_round82_fastdiscover_records.jsonl,squad_seed0_anchor,squad,0.1332575758,scalar_l8_train1e4,0.1404966246,0.7239048870,,,,,,0.1332575758,,0
89,_round89_fastdiscover_records.jsonl,protein_contact_seed0_discovery_fix,protein_contact,0.9687500000,scalar_l8_train1e4,0.9687500000,0.0000000000,,,,,,0.9687500000,,0
90,_round90_fastdiscover_records.jsonl,protein_contact_seed1_discovery_fix,protein_contact,0.9687500000,scalar_l8_train1e4,0.9687500000,0.0000000000,,,,,,0.9687500000,,0
91,_round91_fastdiscover_records.jsonl,arc_seed2_discovery,arc_mc,0.0908518233,scalar_l8_train1e4,0.0857947785,-0.5057044866,,,,,,0.0908518233,,0
91,_round91_fastdiscover_records.jsonl,hotpot_seed2_discovery,hotpot,0.0673686674,scalar_l8_train8e5,0.0783210135,1.0952346121,0.1278252612,scalar_l8_train8e5,0.1004510921,-2.7374169041,med_vs_med,0.1278252612,-2.7374169041,0
92,_round92_fastdiscover_records.jsonl,protein_ss_seed1_discovery,protein_ss,0.2522933547,head_l8,0.3461545156,9.3861160874,0.3222615304,head_l8,0.3461545156,2.3892985164,med_vs_med,0.3222615304,2.3892985164,1
93,_round93_fastdiscover_records.jsonl,mbpp_seed0_anchor,mbpp,0.4068606166,scalar_l8_train8e5,0.4354646114,2.8603994789,0.4806949304,scalar_l8_train8e5,0.5009952408,2.0300310395,med_vs_med,0.4806949304,2.0300310395,1
93,_round93_fastdiscover_records.jsonl,squad_seed3_anchor,squad,0.1466857245,scalar_l8_train8e5,0.1440950509,-0.2590673575,,,,,,0.1466857245,,0
94,_round94_fastdiscover_records.jsonl,punc_seed0_anchor,punc,0.0844043344,scalar_l8_train8e5,0.1035878536,1.9183519184,0.1047720798,scalar_l8_train8e5,0.1035878536,-0.1184226184,med_vs_med,0.1047720798,-0.1184226184,0
94,_round94_fastdiscover_records.jsonl,squad_seed1_anchor,squad,0.1482678319,scalar_l8_train1e4,0.1457828283,-0.2485003629,,,,,,0.1482678319,,0
95,_round95_fastdiscover_records.jsonl,mbpp_seed1_anchor,mbpp,0.4085632444,scalar_l8_train8e5,0.4311020654,2.2538821046,0.4756457154,scalar_l8_train8e5,0.4605166813,-1.5129034124,med_vs_med,0.4756457154,-1.5129034124,0
95,_round95_fastdiscover_records.jsonl,protein_ss_seed2_discovery,protein_ss,0.2645060836,scalar_l8_train1e4,0.2619849978,-0.2521085824,,,,,,0.2645060836,,0
96,_round96_fastdiscover_records.jsonl,mbpp_seed3_anchor,mbpp,0.4311020654,scalar_l8_train1e4,0.4260138700,-0.5088195387,,,,,,0.4311020654,,0
96,_round96_fastdiscover_records.jsonl,protein_ss_seed3_discovery,protein_ss,0.3128667102,scalar_l8_train1e4,0.3296769352,1.6810225063,0.3128667102,scalar_l8_train1e4,0.3296769352,1.6810225063,med_vs_med,0.3128667102,1.6810225063,1
97,_round97_fastdiscover_records.jsonl,hotpot_seed3_discovery,hotpot,0.1175738676,scalar_l8_train1e4,0.1123291123,-0.5244755245,,,,,,0.1175738676,,0
97,_round97_fastdiscover_records.jsonl,squad_seed2_anchor_recheck,squad,0.1457575758,scalar_l8_train1e4,0.1558585859,1.0101010101,0.1832837302,scalar_l8_train1e4,0.1904237030,0.7139972833,med_vs_med,0.1832837302,0.7139972833,1
98,_round98_fastdiscover_records.jsonl,arc_seed3_discovery,arc_mc,0.1063379296,scalar_l8_sched_cos,0.1012808847,-0.5057044866,,,,,,0.1063379296,,0
98,_round98_fastdiscover_records.jsonl,punc_seed1_anchor_recheck,punc,0.0791595792,scalar_l8_train1e4,0.1303943804,5.1234801235,0.1087844255,scalar_l8_train1e4,0.1303943804,2.1609954943,med_vs_med,0.1087844255,2.1609954943,1
99,_round99_fastdiscover_records.jsonl,mbpp_seed2_headprobe,mbpp,0.3910749284,head_l10_strong,0.4251519757,3.4077047296,0.4669261087,head_l10_strong,0.4897465047,2.2820396085,med_vs_med,0.4669261087,2.2820396085,1
99,_round99_fastdiscover_records.jsonl,protein_ss_seed4_discovery,protein_ss,0.3029752575,scalar_l8_train8e5,0.3520151875,4.9039930040,0.3029752575,scalar_l8_train8e5,0.3520151875,4.9039930040,med_vs_med,0.3029752575,4.9039930040,1
100,_round100_fastdiscover_records.jsonl,arc_seed0_headprobe,arc_mc,0.1035906768,scalar_l8_train8e5,0.1135822776,0.9991600756,0.1233192116,scalar_l8_train8e5,0.1262514422,0.2932230601,med_vs_med,0.1233192116,0.2932230601,1
100,_round100_fastdiscover_records.jsonl,hotpot_seed1_headprobe,hotpot,0.0791595792,scalar_l8_train1e4,0.1303943804,5.1234801235,0.1087844255,scalar_l8_train1e4,0.1303943804,2.1609954943,med_vs_med,0.1087844255,2.1609954943,1
101,_round101_fastdiscover_records.jsonl,punc_seed1_anchor_recheck2,punc,0.0791595792,scalar_l8_train1e4,0.1303943804,5.1234801235,0.1087844255,scalar_l8_train1e4,0.1303943804,2.1609954943,med_vs_med,0.1087844255,2.1609954943,1
101,_round101_fastdiscover_records.jsonl,squad_seed2_anchor_recheck2,squad,0.1457575758,scalar_l8_train1e4,0.1558585859,1.0101010101,0.1832837302,scalar_l8_train1e4,0.1904237030,0.7139972833,med_vs_med,0.1832837302,0.7139972833,1
102,_round102_fastdiscover_records.jsonl,mbpp_seed0_anchor_recheck2,mbpp,0.4068606166,scalar_l8_sched_cos,0.4211895070,1.4328890423,0.4806949304,scalar_l8_sched_cos,0.4926484082,1.1953477784,med_vs_med,0.4806949304,1.1953477784,1
102,_round102_fastdiscover_records.jsonl,protein_ss_seed1_anchor_recheck,protein_ss,0.2522933547,head_l8,0.3461545156,9.3861160874,0.3222615304,head_l8,0.3461545156,2.3892985164,med_vs_med,0.3222615304,2.3892985164,1
103,_round103_fastdiscover_records.jsonl,hotpot_seed4_discovery,hotpot,0.0878495378,scalar_l8_train1e4,0.0957443457,0.7894807895,,,,,,0.0878495378,,0
103,_round103_fastdiscover_records.jsonl,protein_ss_seed5_discovery,protein_ss,0.2308077698,head_l8,0.2829857764,5.2178006590,0.2667652491,head_l8,0.2829857764,1.6220527330,med_vs_med,0.2667652491,1.6220527330,1
104,_round104_fastdiscover_records.jsonl,arc_seed4_discovery,arc_mc,0.0907293344,scalar_l8_train1e4,0.1190767831,2.8347448730,0.1034365044,scalar_l8_train1e4,0.1307075172,2.7271012827,med_vs_med,0.1034365044,2.7271012827,1
104,_round104_fastdiscover_records.jsonl,mbpp_seed4_headprobe,mbpp,0.4061133725,scalar_l8_sched_cos,0.4286145032,2.2501130710,0.4753265413,scalar_l8_sched_cos,0.4882157482,1.2889206902,med_vs_med,0.4753265413,1.2889206902,1
105,_round105_fastdiscover_records.jsonl,arc_seed5_discovery,arc_mc,0.1072128508,scalar_l8_train1e4,0.0853573178,-2.1855533002,,,,,,0.1072128508,,0
105,_round105_fastdiscover_records.jsonl,protein_ss_seed6_discovery,protein_ss,0.3137376163,scalar_l8_train1e4,0.3181674250,0.4429808738,,,,,,0.3137376163,,0
106,_round106_fastdiscover_records.jsonl,hotpot_seed5_discovery,hotpot,0.0841365841,scalar_l8_train1e4,0.0713160713,-1.2820512821,,,,,,0.0841365841,,0
106,_round106_fastdiscover_records.jsonl,mbpp_seed5_headprobe,mbpp,0.4136137494,head_l10_strong,0.4035127393,-1.0101010101,,,,,,0.4136137494,,0
107,_round107_fastdiscover_records.jsonl,arc_mc_seed0_discovery,arc_mc,0.3750000000,scalar_l8_train1e4,0.3333333333,-4.1666666667,,,,,,0.3750000000,,0
107,_round107_fastdiscover_records.jsonl,hotpot_longctx_seed0_discovery,hotpot,0.0888888889,scalar_l8_train1e4,0.0888888889,0.0000000000,,,,,,0.0888888889,,0
108,_round108_fastdiscover_records.jsonl,protein_ss_seed7_discovery,protein_ss,0.3290909139,head_l8,0.3034676347,-2.5623279194,,,,,,0.3290909139,,0
109,_round109_fastdiscover_records.jsonl,arc_seed6_discovery,arc_mc,0.0902439024,head_l8,0.0926016659,0.2357763411,,,,,,0.0902439024,,0
109,_round109_fastdiscover_records.jsonl,hotpot_seed6_discovery,hotpot,0.0709595960,scalar_l8_train1e4,0.0995558496,2.8596253596,0.0900522317,scalar_l8_train1e4,0.1259233449,3.5871113229,med_vs_med,0.0900522317,3.5871113229,1
110,_round110_fastdiscover_records.jsonl,mbpp_seed6_headprobe,mbpp,0.4260515604,scalar_l8_sched_cos,0.4253690838,-0.0682476576,,,,,,0.4260515604,,0
111,_round111_fastdiscover_records.jsonl,arc_mc_seed1_discovery,arc_mc,0.3333333333,scalar_l8_train1e4,0.3333333333,0.0000000000,,,,,,0.3333333333,,0
111,_round111_fastdiscover_records.jsonl,punc_seed2_anchor,punc,0.0916122375,scalar_l8_train8e5,0.0853617462,-0.6250491391,,,,,,0.0916122375,,0
112,_round112_fastdiscover_records.jsonl,hotpot_longctx_seed1_discovery,hotpot,0.0666666667,scalar_l8_train1e4,0.0888888889,2.2222222222,0.0666666667,scalar_l8_train1e4,0.0888888889,2.2222222222,med_vs_med,0.0666666667,2.2222222222,1
113,_round113_fastdiscover_records.jsonl,hotpot_seed7_discovery,hotpot,0.0931455931,scalar_l8_train1e4,0.0931455931,0.0000000000,,,,,,0.0931455931,,0
113,_round113_fastdiscover_records.jsonl,protein_ss_seed8_discovery,protein_ss,0.2913417916,scalar_l8_train1e4,0.2913417916,0.0000000000,,,,,,0.2913417916,,0
114,_round114_fastdiscover_records.jsonl,arc_seed7_discovery,arc_mc,0.0944739973,scalar_l8_train1e4,0.1061788618,1.1704864448,0.1546939277,scalar_l8_train1e4,0.1329520332,-2.1741894486,med_vs_med,0.1546939277,-2.1741894486,0
114,_round114_fastdiscover_records.jsonl,mbpp_seed7_headprobe,mbpp,0.4061887532,head_l10_strong,0.4234509272,1.7262173979,0.4646046323,head_l10_strong,0.4541799818,-1.0424650412,med_vs_med,0.4646046323,-1.0424650412,0
115,_round115_fastdiscover_records.jsonl,punc_seed3_anchor,punc,0.0831734190,scalar_l8_train1e4,0.0951643399,1.1990920960,0.0888277941,scalar_l8_train1e4,0.1038393901,1.5011596036,med_vs_med,0.0888277941,1.5011596036,1
116,_round116_fastdiscover_records.jsonl,hotpot_longctx_seed2_discovery,hotpot,0.0888888889,scalar_l8_train1e4,0.0888888889,0.0000000000,,,,,,0.0888888889,,0
116,_round116_fastdiscover_records.jsonl,mbpp_longctx_seed0_repair,mbpp_longctx,0.1458171458,scalar_l8_train1e4,0.1695588362,2.3741690408,0.2526695527,scalar_l8_train1e4,0.1881944444,-6.4475108225,med_vs_med,0.2526695527,-6.4475108225,0
117,_round117_fastdiscover_records.jsonl,arc_seed8_discovery,arc_mc,0.0944739973,scalar_l8_train1e4,0.0995310422,0.5057044866,,,,,,0.0944739973,,0
117,_round117_fastdiscover_records.jsonl,mbpp_seed8_headprobe,mbpp,0.4068606166,scalar_l8_sched_cos,0.4035881200,-0.3272496581,,,,,,0.4068606166,,0
118,_round118_fastdiscover_records.jsonl,hotpot_seed8_discovery,hotpot,0.0919800920,scalar_l8_train8e5,0.1073993574,1.5419265419,0.1059233449,scalar_l8_train8e5,0.1131054131,0.7182068158,med_vs_med,0.1059233449,0.7182068158,1
118,_round118_fastdiscover_records.jsonl,protein_ss_seed9_discovery,protein_ss,0.3192389360,head_l8,0.3163263394,-0.2912596663,,,,,,0.3192389360,,0
119,_round119_fastdiscover_records.jsonl,punc_seed1_anchor_recheck3,punc,0.0860837996,head_l8,0.0947016641,0.8617864576,0.1020822552,head_l8,0.0947016641,-0.7380591041,med_vs_med,0.1020822552,-0.7380591041,0
120,_round120_fastdiscover_records.jsonl,hotpot_longctx_seed3_discovery,hotpot,0.0888888889,scalar_l8_sched_cos,0.0888888889,0.0000000000,,,,,,0.0888888889,,0
120,_round120_fastdiscover_records.jsonl,mbpp_longctx_seed1_repair,mbpp_longctx,0.1385651386,scalar_l8_train1e4,0.1401191401,0.1554001554,,,,,,0.1385651386,,0
121,_round121_fastdiscover_records.jsonl,hotpot_seed13_discovery,hotpot,0.0556397306,scalar_l8_train1e4,0.1097303597,5.4090629091,0.0939984004,scalar_l8_train1e4,0.1097303597,1.5731959337,med_vs_med,0.0939984004,1.5731959337,1
121,_round121_fastdiscover_records.jsonl,protein_ss_seed10_discovery,protein_ss,0.2392762180,scalar_l8_train8e5,0.3361590102,9.6882792252,0.2765932792,scalar_l8_train8e5,0.3361590102,5.9565731015,med_vs_med,0.2765932792,5.9565731015,1
122,_round122_fastdiscover_records.jsonl,hotpot_seed14_discovery,hotpot,0.0945788446,scalar_l8_train8e5,0.0945788446,0.0000000000,,,,,,0.0945788446,,0
122,_round122_fastdiscover_records.jsonl,protein_ss_seed11_discovery,protein_ss,0.3012164492,scalar_l8_train1e4,0.2968304843,-0.4385964912,,,,,,0.3012164492,,0
123,_round123_fastdiscover_records.jsonl,hotpot_longctx_seed7_discovery,hotpot,0.0666666667,scalar_l8_train1e4,0.0666666667,0.0000000000,,,,,,0.0666666667,,0
123,_round123_fastdiscover_records.jsonl,punc_seed4_anchor,punc,0.0770032592,scalar_l8_train8e5,0.0860837996,0.9080540371,0.0847694210,scalar_l8_train8e5,0.0927594125,0.7989991570,med_vs_med,0.0847694210,0.7989991570,1
124,_round124_fastdiscover_records.jsonl,hotpot_longctx_seed8_qfirst_discovery,hotpot,0.0666666667,scalar_l8_train1e4,0.0666666667,0.0000000000,,,,,,0.0666666667,,0
124,_round124_fastdiscover_records.jsonl,punc_seed5_anchor,punc,0.0816865025,scalar_l8_train8e5,0.0856034098,0.3916907228,,,,,,0.0816865025,,0
125,_round125_fastdiscover_records.jsonl,hotpot_seed15_discovery,hotpot,0.1071316071,scalar_l8_train1e4,0.1059661060,-0.1165501166,,,,,,0.1071316071,,0
125,_round125_fastdiscover_records.jsonl,protein_ss_seed12_discovery,protein_ss,0.3113213028,head_l8,0.2957180072,-1.5603295560,,,,,,0.3113213028,,0
126,_round126_fastdiscover_records.jsonl,hotpot_seed16_discovery,hotpot,0.0614093114,scalar_l8_train1e4,0.0612261612,-0.0183150183,,,,,,0.0614093114,,0
126,_round126_fastdiscover_records.jsonl,protein_ss_seed13_discovery,protein_ss,0.2578369906,scalar_l8_train8e5,0.2328686144,-2.4968376159,,,,,,0.2578369906,,0
127,_round127_fastdiscover_records.jsonl,hotpot_longctx_seed9_discovery,hotpot,0.0666666667,scalar_l8_train1e4,0.0666666667,0.0000000000,,,,,,0.0666666667,,0
127,_round127_fastdiscover_records.jsonl,mbpp_longctx_seed2_repair,mbpp_longctx,0.0929810930,scalar_l8_train1e4,0.1401191401,4.7138047138,0.1944805195,scalar_l8_train1e4,0.2076923077,1.3211788212,med_vs_med,0.1944805195,1.3211788212,1
128,_round128_fastdiscover_records.jsonl,hotpot_seed17_discovery,hotpot,0.1021546022,head_l8,0.1035878536,0.1433251433,,,,,,0.1021546022,,0
128,_round128_fastdiscover_records.jsonl,punc_seed6_anchor,punc,0.0880849007,scalar_l8_train1e4,0.0880455894,-0.0039311267,,,,,,0.0880849007,,0
129,_round129_fastdiscover_records.jsonl,arc_mc_seed2_discovery,arc_mc,0.3750000000,scalar_l8_train1e4,0.3750000000,0.0000000000,,,,,,0.3750000000,,0
129,_round129_fastdiscover_records.jsonl,protein_contact_seed2_discovery_fix,protein_contact,0.9687500000,scalar_l8_train1e4,0.9687500000,0.0000000000,,,,,,0.9687500000,,0
130,_round130_fastdiscover_records.jsonl,hotpot_seed18_discovery,hotpot,0.1187393687,scalar_l8_train1e4,0.1187393687,0.0000000000,,,,,,0.1187393687,,0
130,_round130_fastdiscover_records.jsonl,protein_ss_seed14_discovery,protein_ss,0.3071876399,scalar_l8_train1e4,0.2968304843,-1.0357155616,,,,,,0.3071876399,,0
131,_round131_fastdiscover_records.jsonl,hotpot_longctx_seed10_discovery,hotpot,0.1111111111,scalar_l8_train1e4,0.0694444444,-4.1666666667,,,,,,0.1111111111,,0
131,_round131_fastdiscover_records.jsonl,mbpp_seed9_headprobe,mbpp,0.4230669409,scalar_l8_sched_cos,0.4271795290,0.4112588049,,,,,,0.4230669409,,0
132,_round132_fastdiscover_records.jsonl,arc_seed9_discovery,arc_mc,0.0994796854,head_l8,0.1033112296,0.3831544178,,,,,,0.0994796854,,0
132,_round132_fastdiscover_records.jsonl,protein_contact_seed3_discovery_fix,protein_contact,0.9687500000,scalar_l8_train1e4,0.9687500000,0.0000000000,,,,,,0.9687500000,,0
133,_round133_fastdiscover_records.jsonl,hotpot_seed19_discovery,hotpot,0.1161406161,head_l8,0.1149751150,-0.1165501166,,,,,,0.1161406161,,0
133,_round133_fastdiscover_records.jsonl,protein_ss_seed15_discovery,protein_ss,0.3037128905,scalar_l8_train1e4,0.2996145299,-0.4098360656,,,,,,0.3037128905,,0
134,_round134_fastdiscover_records.jsonl,mbpp_seed11_anchor,mbpp,0.4200876651,scalar_l8_sched_cos,0.4285959994,0.8508334300,0.4606665908,scalar_l8_sched_cos,0.4974920460,3.6825455226,med_vs_med,0.4606665908,3.6825455226,1
134,_round134_fastdiscover_records.jsonl,punc_seed7_anchor,punc,0.0775363775,scalar_l8_train1e4,0.0885418234,1.1005445906,0.0977241653,scalar_l8_train1e4,0.1090339666,1.1309801329,med_vs_med,0.0977241653,1.1309801329,1
135,_round135_fastdiscover_records.jsonl,mbpp_seed10_headprobe,mbpp,0.4234081105,head_l10_strong,0.4279744415,0.4566331037,,,,,,0.4234081105,,0
135,_round135_fastdiscover_records.jsonl,punc_seed8_anchor,punc,0.0891958080,scalar_l8_train8e5,0.0871254146,-0.2070393375,,,,,,0.0891958080,,0
136,_round136_fastdiscover_records.jsonl,arc_mc_seed3_discovery,arc_mc,0.2916666667,scalar_l8_sched_cos,0.4166666667,12.5000000000,0.2916666667,scalar_l8_sched_cos,0.4166666667,12.5000000000,med_vs_med,0.2916666667,12.5000000000,1
136,_round136_fastdiscover_records.jsonl,hotpot_seed20_discovery,hotpot,0.1007213507,scalar_l8_train1e4,0.1085648586,0.7843507844,,,,,,0.1007213507,,0
151,_round151_fastdiscover_records.jsonl,mbpp_seed17_headprobe,mbpp,0.4124239450,scalar_l8_train8e5,0.4097719892,-0.2651955819,,,,,,0.4124239450,,0
151,_round151_fastdiscover_records.jsonl,punc_seed12_anchor,punc,0.0912474327,scalar_l8_train8e5,0.0858544426,-0.5392990095,,,,,,0.0912474327,,0
152,_round152_fastdiscover_records.jsonl,arc_mc_seed10_discovery,arc_mc,0.3333333333,scalar_l8_sched_cos,0.3333333333,0.0000000000,,,,,,0.3333333333,,0
152,_round152_fastdiscover_records.jsonl,protein_ss_seed22_discovery,protein_ss,0.2959609754,scalar_l8_train8e5,0.3025059610,0.6544985576,,,,,,0.2959609754,,0
153,_round153_fastdiscover_records.jsonl,arc_mc_seed11_discovery,arc_mc,0.3333333333,scalar_l8_train1e4,0.3750000000,4.1666666667,0.3750000000,scalar_l8_train1e4,0.3750000000,0.0000000000,med_vs_med,0.3750000000,0.0000000000,0
153,_round153_fastdiscover_records.jsonl,protein_ss_seed23_discovery,protein_ss,0.2913417916,head_l8,0.2913417916,0.0000000000,,,,,,0.2913417916,,0
154,_round154_fastdiscover_records.jsonl,hotpot_seed25_discovery,hotpot,0.0538335538,scalar_l8_train1e4,0.1149751150,6.1141561142,0.1087844255,scalar_l8_train1e4,0.1149751150,0.6190689524,med_vs_med,0.1087844255,0.6190689524,1
154,_round154_fastdiscover_records.jsonl,mbpp_seed18_headprobe,mbpp,0.4211000942,scalar_l8_sched_cos,0.4320842597,1.0984165509,0.4640339956,scalar_l8_sched_cos,0.4934960834,2.9462087853,med_vs_med,0.4640339956,2.9462087853,1
155,_round155_fastdiscover_records.jsonl,arc_mc_seed12_discovery,arc_mc,0.3333333333,scalar_l8_train8e5,0.4166666667,8.3333333333,0.4166666667,scalar_l8_train8e5,0.4166666667,0.0000000000,med_vs_med,0.4166666667,0.0000000000,0
155,_round155_fastdiscover_records.jsonl,protein_ss_seed24_discovery,protein_ss,0.2518830746,scalar_l8_train8e5,0.3059371184,5.4054043885,0.2667652491,scalar_l8_train8e5,0.3059371184,3.9171869361,med_vs_med,0.2667652491,3.9171869361,1
156,_round156_fastdiscover_records.jsonl,mbpp_seed19_anchor,mbpp,0.4002102500,scalar_l8_sched_cos,0.4291546855,2.8944435502,0.4639630073,scalar_l8_sched_cos,0.4699709457,0.6007938375,med_vs_med,0.4639630073,0.6007938375,1
156,_round156_fastdiscover_records.jsonl,punc_seed13_anchor,punc,0.0856684711,scalar_l8_train1e4,0.0849763987,-0.0692072422,,,,,,0.0856684711,,0
157,_round157_fastdiscover_records.jsonl,arc_mc_seed13_discovery,arc_mc,0.2916666667,scalar_l8_train8e5,0.5000000000,20.8333333333,0.2916666667,scalar_l8_train8e5,0.5000000000,20.8333333333,med_vs_med,0.2916666667,20.8333333333,1
157,_round157_fastdiscover_records.jsonl,hotpot_seed26_discovery,hotpot,0.0614093114,scalar_l8_train8e5,0.1329931330,7.1583821584,0.0909812410,scalar_l8_train8e5,0.1329931330,4.2011892012,med_vs_med,0.0909812410,4.2011892012,1
158,_round158_fastdiscover_records.jsonl,mbpp_longctx_seed5_repair,mbpp_longctx,0.1154277821,scalar_l8_train8e5,0.1657601658,5.0332383666,0.1772817460,scalar_l8_train8e5,0.1657601658,-1.1521580272,med_vs_med,0.1772817460,-1.1521580272,0
158,_round158_fastdiscover_records.jsonl,protein_ss_seed25_discovery,protein_ss,0.2411439093,scalar_l8_train8e5,0.2641238513,2.2979941966,0.2799771967,scalar_l8_train8e5,0.3403620096,6.0384812923,med_vs_med,0.2799771967,6.0384812923,1
159,_round159_fastdiscover_records.jsonl,mbpp_seed20_headprobe,mbpp,0.4031808000,head_l10_strong,0.4203236648,1.7142864824,0.4543278860,head_l10_strong,0.4830312760,2.8703389995,med_vs_med,0.4543278860,2.8703389995,1
159,_round159_fastdiscover_records.jsonl,punc_seed14_anchor,punc,0.0765217468,head_l8,0.0870861033,1.0564356529,0.1088115500,head_l8,0.1105152094,0.1703659390,med_vs_med,0.1088115500,0.1703659390,1
160,_round160_fastdiscover_records.jsonl,arc_mc_seed14_discovery,arc_mc,0.2916666667,scalar_l8_train1e4,0.3333333333,4.1666666667,0.3333333333,scalar_l8_train1e4,0.4166666667,8.3333333333,med_vs_med,0.3333333333,8.3333333333,1
160,_round160_fastdiscover_records.jsonl,protein_ss_seed26_discovery,protein_ss,0.2650127415,head_l8,0.2668551276,0.1842386135,,,,,,0.2650127415,,0
161,_round161_fastdiscover_records.jsonl,arc_mc_seed15_discovery,arc_mc,0.3333333333,scalar_l8_train8e5,0.3750000000,4.1666666667,0.3750000000,scalar_l8_train8e5,0.3750000000,0.0000000000,med_vs_med,0.3750000000,0.0000000000,0
161,_round161_fastdiscover_records.jsonl,protein_ss_seed27_discovery,protein_ss,0.2760915808,scalar_l8_train1e4,0.2955790798,1.9487498929,0.2760915808,scalar_l8_train1e4,0.2955790798,1.9487498929,med_vs_med,0.2760915808,1.9487498929,1
162,_round162_fastdiscover_records.jsonl,hotpot_seed27_discovery,hotpot,0.0945788446,scalar_l8_train8e5,0.0919800920,-0.2598752599,,,,,,0.0945788446,,0
162,_round162_fastdiscover_records.jsonl,mbpp_seed21_headprobe,mbpp,0.4151857043,scalar_l8_train8e5,0.4243680680,0.9182363707,0.4810868948,scalar_l8_train8e5,0.4743524758,-0.6734418922,med_vs_med,0.4810868948,-0.6734418922,0
163,_round163_fastdiscover_records.jsonl,arc_mc_seed16_discovery,arc_mc,0.2916666667,scalar_l8_sched_cos,0.3333333333,4.1666666667,0.3333333333,scalar_l8_sched_cos,0.5000000000,16.6666666667,med_vs_med,0.3333333333,16.6666666667,1
163,_round163_fastdiscover_records.jsonl,protein_ss_seed28_discovery,protein_ss,0.2913417916,scalar_l8_train1e4,0.3053373284,1.3995536738,0.2913417916,scalar_l8_train1e4,0.3053373284,1.3995536738,med_vs_med,0.2913417916,1.3995536738,1
164,_round164_fastdiscover_records.jsonl,mbpp_seed22_anchor,mbpp,0.4189598927,head_l10_strong,0.4404247791,2.1464886397,0.4870872353,head_l10_strong,0.4813332786,-0.5753956700,med_vs_med,0.4870872353,-0.5753956700,0
164,_round164_fastdiscover_records.jsonl,punc_seed15_anchor,punc,0.0912662013,head_l8,0.0919783408,0.0712139476,,,,,,0.0912662013,,0
165,_round165_fastdiscover_records.jsonl,arc_mc_seed17_discovery,arc_mc,0.3750000000,scalar_l8_train1e4,0.2916666667,-8.3333333333,,,,,,0.3750000000,,0
165,_round165_fastdiscover_records.jsonl,hotpot_seed28_discovery,hotpot,0.0960120960,scalar_l8_train8e5,0.1228186228,2.6806526807,0.1171177588,scalar_l8_train8e5,0.1228186228,0.5700864034,med_vs_med,0.1171177588,0.5700864034,1
166,_round166_fastdiscover_records.jsonl,mbpp_longctx_seed6_repair,mbpp_longctx,0.1030821031,head_l8,0.1471121471,4.4030044030,0.2071789322,head_l8,0.1957875458,-1.1391386391,med_vs_med,0.2071789322,-1.1391386391,0
166,_round166_fastdiscover_records.jsonl,protein_ss_seed29_discovery,protein_ss,0.3037454896,scalar_l8_train1e4,0.3001245343,-0.3620955316,,,,,,0.3037454896,,0
167,_round167_fastdiscover_records.jsonl,mbpp_seed23_headprobe,mbpp,0.3957373317,head_l10_strong,0.4330469871,3.7309655432,0.4865752774,head_l10_strong,0.4733285601,-1.3246717382,med_vs_med,0.4865752774,-1.3246717382,0
167,_round167_fastdiscover_records.jsonl,punc_seed16_anchor,punc,0.0708965605,scalar_l8_train8e5,0.0842796889,1.3383128433,0.0980413794,scalar_l8_train8e5,0.1002554813,0.2214101901,med_vs_med,0.0980413794,0.2214101901,1
168,_round168_fastdiscover_records.jsonl,arc_mc_seed18_discovery,arc_mc,0.3333333333,scalar_l8_train1e4,0.3750000000,4.1666666667,0.3750000000,scalar_l8_train1e4,0.4583333333,8.3333333333,med_vs_med,0.3750000000,8.3333333333,1
168,_round168_fastdiscover_records.jsonl,protein_ss_seed30_discovery,protein_ss,0.3152834008,scalar_l8_train1e4,0.3118533513,-0.3430049483,,,,,,0.3152834008,,0
169,_round169_fastdiscover_records.jsonl,arc_mc_seed19_discovery,arc_mc,0.2916666667,scalar_l8_train8e5,0.4166666667,12.5000000000,0.3750000000,scalar_l8_train8e5,0.4166666667,4.1666666667,med_vs_med,0.3750000000,4.1666666667,1
169,_round169_fastdiscover_records.jsonl,protein_ss_seed31_discovery,protein_ss,0.2913417916,head_l8,0.2921352527,0.0793461036,,,,,,0.2913417916,,0
170,_round170_fastdiscover_records.jsonl,hotpot_seed29_discovery,hotpot,0.1047533548,scalar_l8_train1e4,0.1111636112,0.6410256410,,,,,,0.1047533548,,0
170,_round170_fastdiscover_records.jsonl,mbpp_seed24_headprobe,mbpp,0.4002650652,scalar_l8_train8e5,0.4288190557,2.8553990580,0.4674374357,scalar_l8_train8e5,0.4726174217,0.5179985940,med_vs_med,0.4674374357,0.5179985940,1
171,_round171_fastdiscover_records.jsonl,arc_mc_seed20_discovery,arc_mc,0.3333333333,scalar_l8_train1e4,0.4166666667,8.3333333333,0.3333333333,scalar_l8_train1e4,0.4166666667,8.3333333333,med_vs_med,0.3333333333,8.3333333333,1
171,_round171_fastdiscover_records.jsonl,protein_ss_seed32_discovery,protein_ss,0.2833291830,scalar_l8_train8e5,0.3008730426,1.7543859649,0.2940910798,scalar_l8_train8e5,0.3008730426,0.6781962828,med_vs_med,0.2940910798,0.6781962828,1
172,_round172_fastdiscover_records.jsonl,mbpp_seed25_anchor,mbpp,0.4207630873,scalar_l8_train8e5,0.4347334456,1.3970358282,0.5223194670,scalar_l8_train8e5,0.4755193251,-4.6800141875,med_vs_med,0.5223194670,-4.6800141875,0
172,_round172_fastdiscover_records.jsonl,punc_seed17_anchor,punc,0.0912662013,scalar_l8_train1e4,0.0919189625,0.0652761155,,,,,,0.0912662013,,0
173,_round173_fastdiscover_records.jsonl,arc_mc_seed21_discovery,arc_mc,0.2916666667,scalar_l8_train1e4,0.3333333333,4.1666666667,0.3333333333,scalar_l8_train1e4,0.3333333333,0.0000000000,med_vs_med,0.3333333333,0.0000000000,0
173,_round173_fastdiscover_records.jsonl,hotpot_seed30_discovery,hotpot,0.0957443457,head_l8,0.1135418635,1.7797517798,0.1087844255,head_l8,0.1135418635,0.4757438091,med_vs_med,0.1087844255,0.4757438091,1
174,_round174_fastdiscover_records.jsonl,mbpp_longctx_seed7_repair,mbpp_longctx,0.1262194596,scalar_l8_train1e4,0.1426228093,1.6403349737,0.2248978620,scalar_l8_train1e4,0.2282467532,0.3348891252,med_vs_med,0.2248978620,0.3348891252,1
174,_round174_fastdiscover_records.jsonl,protein_ss_seed33_discovery,protein_ss,0.2878148898,scalar_l8_train1e4,0.3019815832,1.4166693443,0.2878148898,scalar_l8_train1e4,0.3019815832,1.4166693443,med_vs_med,0.2878148898,1.4166693443,1
175,_round175_fastdiscover_records.jsonl,mbpp_seed26_headprobe,mbpp,0.4098009533,scalar_l8_train8e5,0.4240324383,1.4231484952,0.4799800422,scalar_l8_train8e5,0.4649964330,-1.4983609212,med_vs_med,0.4799800422,-1.4983609212,0
175,_round175_fastdiscover_records.jsonl,punc_seed18_anchor,punc,0.0779217250,head_l8,0.0912474327,1.3325707756,0.0964588667,head_l8,0.1086994412,1.2240574531,med_vs_med,0.0964588667,1.2240574531,1
176,_round176_fastdiscover_records.jsonl,arc_mc_seed22_discovery,arc_mc,0.4166666667,scalar_l8_sched_cos,0.4166666667,0.0000000000,,,,,,0.4166666667,,0
176,_round176_fastdiscover_records.jsonl,protein_ss_seed34_discovery,protein_ss,0.3266465766,head_l8,0.2923661986,-3.4280377977,,,,,,0.3266465766,,0
177,_round177_fastdiscover_records.jsonl,arc_mc_seed23_discovery,arc_mc,0.3750000000,scalar_l8_sched_cos,0.3750000000,0.0000000000,,,,,,0.3750000000,,0
177,_round177_fastdiscover_records.jsonl,protein_ss_seed35_discovery,protein_ss,0.3192262173,scalar_l8_train8e5,0.3145055481,-0.4720669194,,,,,,0.3192262173,,0
178,_round178_fastdiscover_records.jsonl,hotpot_seed31_discovery,hotpot,0.0931455931,scalar_l8_train8e5,0.1071316071,1.3986013986,0.1125900116,scalar_l8_train8e5,0.1071316071,-0.5458404483,med_vs_med,0.1125900116,-0.5458404483,0
178,_round178_fastdiscover_records.jsonl,mbpp_seed27_headprobe,mbpp,0.4181208183,head_l10_strong,0.4185061497,0.0385331381,,,,,,0.4181208183,,0
179,_round179_fastdiscover_records.jsonl,arc_mc_seed24_discovery,arc_mc,0.3333333333,scalar_l8_train1e4,0.3750000000,4.1666666667,0.3750000000,scalar_l8_train1e4,0.3750000000,0.0000000000,med_vs_med,0.3750000000,0.0000000000,0
179,_round179_fastdiscover_records.jsonl,protein_ss_seed36_discovery,protein_ss,0.2913417916,head_l8,0.2913417916,0.0000000000,,,,,,0.2913417916,,0
180,_round180_fastdiscover_records.jsonl,mbpp_seed28_anchor,mbpp,0.4246689314,head_l10_strong,0.4258342401,0.1165308728,,,,,,0.4246689314,,0
180,_round180_fastdiscover_records.jsonl,punc_seed19_anchor,punc,0.0873928283,scalar_l8_train1e4,0.0898485691,0.2455740852,,,,,,0.0873928283,,0
181,_round181_fastdiscover_records.jsonl,arc_mc_seed25_discovery,arc_mc,0.3333333333,scalar_l8_train8e5,0.4166666667,8.3333333333,0.4166666667,scalar_l8_train8e5,0.4166666667,0.0000000000,med_vs_med,0.4166666667,0.0000000000,0
181,_round181_fastdiscover_records.jsonl,hotpot_seed32_discovery,hotpot,0.0804958826,scalar_l8_train1e4,0.1021546022,2.1658719591,0.1017503384,scalar_l8_train1e4,0.1087844255,0.7034087073,med_vs_med,0.1017503384,0.7034087073,1
182,_round182_fastdiscover_records.jsonl,mbpp_longctx_seed8_repair,mbpp_longctx,0.1549684883,head_l8,0.1857031857,3.0734697401,0.1964285714,head_l8,0.2018037518,0.5375180375,med_vs_med,0.1964285714,0.5375180375,1
182,_round182_fastdiscover_records.jsonl,protein_ss_seed37_discovery,protein_ss,0.2913417916,scalar_l8_train1e4,0.3068965517,1.5554760098,0.2939371389,scalar_l8_train1e4,0.3154506375,2.1513498601,med_vs_med,0.2939371389,2.1513498601,1
183,_round183_fastdiscover_records.jsonl,mbpp_seed29_headprobe,mbpp,0.4074900056,scalar_l8_train8e5,0.4275682787,2.0078273067,0.4921364503,scalar_l8_train8e5,0.4736477342,-1.8488716192,med_vs_med,0.4921364503,-1.8488716192,0
183,_round183_fastdiscover_records.jsonl,punc_seed20_anchor,punc,0.0814490618,head_l8,0.0933365947,1.1887532893,0.1013203047,head_l8,0.1010482822,-0.0272022533,med_vs_med,0.1013203047,-0.0272022533,0
184,_round184_fastdiscover_records.jsonl,arc_mc_seed26_discovery,arc_mc,0.3750000000,scalar_l8_train8e5,0.3750000000,0.0000000000,,,,,,0.3750000000,,0
184,_round184_fastdiscover_records.jsonl,protein_ss_seed38_discovery,protein_ss,0.2776402298,head_l8,0.2954075532,1.7767323399,0.2897024142,head_l8,0.2954075532,0.5705138983,med_vs_med,0.2897024142,0.5705138983,1
185,_round185_fastdiscover_records.jsonl,arc_mc_seed27_discovery,arc_mc,0.4166666667,scalar_l8_sched_cos,0.4166666667,0.0000000000,,,,,,0.4166666667,,0
185,_round185_fastdiscover_records.jsonl,protein_ss_seed39_discovery,protein_ss,0.2561203627,scalar_l8_train8e5,0.2975539291,4.1433566434,0.3404400020,scalar_l8_train8e5,0.3248765564,-1.5563445552,med_vs_med,0.3404400020,-1.5563445552,0
186,_round186_fastdiscover_records.jsonl,hotpot_seed33_discovery,hotpot,0.0731173171,scalar_l8_train1e4,0.1048006048,3.1683287698,0.1140692641,scalar_l8_train1e4,0.1088132152,-0.5256048861,med_vs_med,0.1140692641,-0.5256048861,0
186,_round186_fastdiscover_records.jsonl,mbpp_seed30_headprobe,mbpp,0.4306208575,scalar_l8_train8e5,0.4174937207,-1.3127136883,,,,,,0.4306208575,,0
187,_round187_fastdiscover_records.jsonl,arc_mc_seed28_discovery,arc_mc,0.2916666667,scalar_l8_train8e5,0.3333333333,4.1666666667,0.3333333333,scalar_l8_train8e5,0.3750000000,4.1666666667,med_vs_med,0.3333333333,4.1666666667,1
187,_round187_fastdiscover_records.jsonl,protein_ss_seed40_discovery,protein_ss,0.2968304843,head_l8,0.2968304843,0.0000000000,,,,,,0.2968304843,,0
188,_round188_fastdiscover_records.jsonl,mbpp_seed31_anchor,mbpp,0.4188229305,head_l10_strong,0.4261698698,0.7346939371,,,,,,0.4188229305,,0
188,_round188_fastdiscover_records.jsonl,punc_seed21_anchor,punc,0.0797127466,head_l8,0.0951395744,1.5426827823,0.1093525387,head_l8,0.1147917262,0.5439187509,med_vs_med,0.1093525387,0.5439187509,1
189,_round189_fastdiscover_records.jsonl,arc_mc_seed29_discovery,arc_mc,0.2916666667,scalar_l8_train1e4,0.3750000000,8.3333333333,0.4583333333,scalar_l8_train1e4,0.4166666667,-4.1666666667,med_vs_med,0.4583333333,-4.1666666667,0
189,_round189_fastdiscover_records.jsonl,hotpot_seed34_discovery,hotpot,0.0841365841,head_l8,0.1085648586,2.4428274428,0.1023979107,head_l8,0.1085648586,0.6166947834,med_vs_med,0.1023979107,0.6166947834,1
190,_round190_fastdiscover_records.jsonl,mbpp_longctx_seed9_repair,mbpp_longctx,0.1176724510,scalar_l8_train8e5,0.1751705085,5.7498057498,0.2434294872,scalar_l8_train8e5,0.2274801587,-1.5949328449,med_vs_med,0.2434294872,-1.5949328449,0
190,_round190_fastdiscover_records.jsonl,protein_ss_seed41_discovery,protein_ss,0.2968304843,head_l8,0.2968304843,0.0000000000,,,,,,0.2968304843,,0
191,_round191_fastdiscover_records.jsonl,mbpp_seed32_headprobe,mbpp,0.4127623447,head_l10_strong,0.4209295094,0.8167164728,0.4717633497,head_l10_strong,0.4885860522,1.6822702432,med_vs_med,0.4717633497,1.6822702432,1
191,_round191_fastdiscover_records.jsonl,punc_seed22_anchor,punc,0.0816687885,head_l8,0.0905741289,0.8905340381,0.1041100257,head_l8,0.1013961483,-0.2713877454,med_vs_med,0.1041100257,-0.2713877454,0
192,_round192_fastdiscover_records.jsonl,arc_mc_seed30_discovery,arc_mc,0.4166666667,scalar_l8_train8e5,0.3333333333,-8.3333333333,,,,,,0.4166666667,,0
192,_round192_fastdiscover_records.jsonl,protein_ss_seed42_discovery,protein_ss,0.3054156492,scalar_l8_train8e5,0.3104101065,0.4994457297,,,,,,0.3054156492,,0
193,_round193_fastdiscover_records.jsonl,arc_mc_seed31_discovery,arc_mc,0.3333333333,scalar_l8_sched_cos,0.3750000000,4.1666666667,0.3333333333,scalar_l8_sched_cos,0.4166666667,8.3333333333,med_vs_med,0.3333333333,8.3333333333,1
193,_round193_fastdiscover_records.jsonl,protein_ss_seed43_discovery,protein_ss,0.3115903165,scalar_l8_train1e4,0.3246551207,1.3064804245,0.3115903165,scalar_l8_train1e4,0.3359850754,2.4394758909,med_vs_med,0.3115903165,2.4394758909,1
194,_round194_fastdiscover_records.jsonl,hotpot_seed35_discovery,hotpot,0.1099981100,scalar_l8_train1e4,0.0998235998,-1.0174510175,,,,,,0.1099981100,,0
194,_round194_fastdiscover_records.jsonl,mbpp_seed33_headprobe,mbpp,0.4016048245,scalar_l8_sched_cos,0.4207616945,1.9156870062,0.4862497066,scalar_l8_sched_cos,0.4828856955,-0.3364011103,med_vs_med,0.4862497066,-0.3364011103,0
195,_round195_fastdiscover_records.jsonl,arc_mc_seed32_discovery,arc_mc,0.3750000000,scalar_l8_sched_cos,0.4583333333,8.3333333333,0.3750000000,scalar_l8_sched_cos,0.4583333333,8.3333333333,med_vs_med,0.3750000000,8.3333333333,1
195,_round195_fastdiscover_records.jsonl,protein_ss_seed44_discovery,protein_ss,0.3002634618,head_l8,0.2858369511,-1.4426510699,,,,,,0.3002634618,,0
196,_round196_fastdiscover_records.jsonl,mbpp_seed34_anchor,mbpp,0.4063542051,head_l10_strong,0.4145111538,0.8156948612,0.4807013272,head_l10_strong,0.4590939470,-2.1607380127,med_vs_med,0.4807013272,-2.1607380127,0
196,_round196_fastdiscover_records.jsonl,punc_seed23_anchor,punc,0.0863630222,head_l8,0.0946455426,0.8282520325,0.1041100257,head_l8,0.1071764951,0.3066469367,med_vs_med,0.1041100257,0.3066469367,1
197,_round197_fastdiscover_records.jsonl,arc_mc_seed33_discovery,arc_mc,0.2916666667,scalar_l8_sched_cos,0.3333333333,4.1666666667,0.4166666667,scalar_l8_sched_cos,0.3750000000,-4.1666666667,med_vs_med,0.4166666667,-4.1666666667,0
197,_round197_fastdiscover_records.jsonl,hotpot_seed36_discovery,hotpot,0.1071316071,scalar_l8_train1e4,0.0931455931,-1.3986013986,,,,,,0.1071316071,,0
198,_round198_fastdiscover_records.jsonl,mbpp_longctx_seed10_repair,mbpp_longctx,0.0929810930,head_l8,0.1625658292,6.9584736251,0.1629807692,head_l8,0.1964285714,3.3447802198,med_vs_med,0.1629807692,3.3447802198,1
198,_round198_fastdiscover_records.jsonl,protein_ss_seed45_discovery,protein_ss,0.2750532849,scalar_l8_train1e4,0.3119422109,3.6888926013,0.2761118598,scalar_l8_train1e4,0.3119422109,3.5830351096,med_vs_med,0.2761118598,3.5830351096,1
199,_round199_fastdiscover_records.jsonl,mbpp_seed35_headprobe,mbpp,0.4379461780,scalar_l8_sched_cos,0.4276857435,-1.0260434469,,,,,,0.4379461780,,0
199,_round199_fastdiscover_records.jsonl,punc_seed24_anchor,punc,0.0934372242,scalar_l8_train8e5,0.0895025329,-0.3934691319,,,,,,0.0934372242,,0
200,_round200_fastdiscover_records.jsonl,arc_mc_seed34_discovery,arc_mc,0.3750000000,scalar_l8_train1e4,0.3750000000,0.0000000000,,,,,,0.3750000000,,0
200,_round200_fastdiscover_records.jsonl,protein_ss_seed46_discovery,protein_ss,0.2968304843,head_l8,0.2968304843,0.0000000000,,,,,,0.2968304843,,0
201,_round201_fastdiscover_records.jsonl,arc_mc_seed35_discovery,arc_mc,0.3333333333,scalar_l8_train8e5,0.3333333333,0.0000000000,,,,,,0.3333333333,,0
201,_round201_fastdiscover_records.jsonl,protein_ss_seed47_discovery,protein_ss,0.2968304843,scalar_l8_train8e5,0.2969088051,0.0078320802,,,,,,0.2968304843,,0
202,_round202_fastdiscover_records.jsonl,hotpot_seed37_discovery,hotpot,0.0995558496,head_l8,0.0945788446,-0.4977004977,,,,,,0.0995558496,,0
202,_round202_fastdiscover_records.jsonl,mbpp_seed36_headprobe,mbpp,0.4183383349,scalar_l8_sched_cos,0.4138873471,-0.4450987709,,,,,,0.4183383349,,0
203,_round203_fastdiscover_records.jsonl,arc_mc_seed36_discovery,arc_mc,0.2916666667,scalar_l8_sched_cos,0.3333333333,4.1666666667,0.3333333333,scalar_l8_sched_cos,0.3333333333,0.0000000000,med_vs_med,0.3333333333,0.0000000000,0
203,_round203_fastdiscover_records.jsonl,protein_ss_seed48_discovery,protein_ss,0.2698493027,scalar_l8_train8e5,0.3237902448,5.3940942099,0.2991820156,scalar_l8_train8e5,0.3237902448,2.4608229269,med_vs_med,0.2991820156,2.4608229269,1
204,_round204_fastdiscover_records.jsonl,mbpp_seed37_anchor,mbpp,0.4158704199,scalar_l8_sched_cos,0.4394648216,2.3594401662,0.4625317851,scalar_l8_sched_cos,0.4880077008,2.5475915701,med_vs_med,0.4625317851,2.5475915701,1
204,_round204_fastdiscover_records.jsonl,punc_seed25_anchor,punc,0.0979413515,scalar_l8_train8e5,0.0895811554,-0.8360196032,,,,,,0.0979413515,,0
205,_round205_fastdiscover_records.jsonl,arc_mc_seed37_discovery,arc_mc,0.2916666667,scalar_l8_sched_cos,0.3750000000,8.3333333333,0.3750000000,scalar_l8_sched_cos,0.3750000000,0.0000000000,med_vs_med,0.3750000000,0.0000000000,0
205,_round205_fastdiscover_records.jsonl,hotpot_seed38_discovery,hotpot,0.0794273294,head_l8,0.1099981100,3.0570780571,0.1318376068,head_l8,0.1109449193,-2.0892687559,med_vs_med,0.1318376068,-2.0892687559,0
206,_round206_fastdiscover_records.jsonl,mbpp_longctx_seed11_repair,mbpp_longctx,0.0891824225,scalar_l8_train8e5,0.1556591557,6.6476733143,0.2035714286,scalar_l8_train8e5,0.2244588745,2.0887445887,med_vs_med,0.2035714286,2.0887445887,1
206,_round206_fastdiscover_records.jsonl,protein_ss_seed49_discovery,protein_ss,0.3132230365,scalar_l8_train8e5,0.3128386864,-0.0384350141,,,,,,0.3132230365,,0
207,_round207_fastdiscover_records.jsonl,mbpp_seed38_headprobe,mbpp,0.4148473047,scalar_l8_train8e5,0.4337237864,1.8876481772,0.4660821832,scalar_l8_train8e5,0.4758321025,0.9749919269,med_vs_med,0.4660821832,0.9749919269,1
207,_round207_fastdiscover_records.jsonl,punc_seed26_anchor,punc,0.0814490618,scalar_l8_train8e5,0.0814883731,0.0039311267,,,,,,0.0814490618,,0
208,_round208_fastdiscover_records.jsonl,arc_mc_seed38_discovery,arc_mc,0.3750000000,scalar_l8_train8e5,0.3750000000,0.0000000000,,,,,,0.3750000000,,0
208,_round208_fastdiscover_records.jsonl,protein_ss_seed50_discovery,protein_ss,0.2968304843,head_l8,0.2968304843,0.0000000000,,,,,,0.2968304843,,0
209,_round209_fastdiscover_records.jsonl,arc_mc_seed39_discovery,arc_mc,0.3333333333,scalar_l8_train1e4,0.4166666667,8.3333333333,0.3333333333,scalar_l8_train1e4,0.4166666667,8.3333333333,med_vs_med,0.3333333333,8.3333333333,1
209,_round209_fastdiscover_records.jsonl,protein_ss_seed51_discovery,protein_ss,0.2904127171,head_l8,0.2960439293,0.5631212184,,,,,,0.2904127171,,0
210,_round210_fastdiscover_records.jsonl,hotpot_seed39_discovery,hotpot,0.1024223524,scalar_l8_train1e4,0.1149751150,1.2552762553,0.1024223524,scalar_l8_train1e4,0.1331168831,3.0694530695,med_vs_med,0.1024223524,3.0694530695,1
210,_round210_fastdiscover_records.jsonl,mbpp_seed39_headprobe,mbpp,0.4027353668,scalar_l8_sched_cos,0.4241919434,2.1456576660,0.4786305557,scalar_l8_sched_cos,0.4663413606,-1.2289195108,med_vs_med,0.4786305557,-1.2289195108,0
211,_round211_fastdiscover_records.jsonl,arc_mc_seed40_discovery,arc_mc,0.3750000000,scalar_l8_sched_cos,0.4166666667,4.1666666667,0.3750000000,scalar_l8_sched_cos,0.4166666667,4.1666666667,med_vs_med,0.3750000000,4.1666666667,1
211,_round211_fastdiscover_records.jsonl,protein_ss_seed52_discovery,protein_ss,0.2968304843,scalar_l8_train1e4,0.3075850873,1.0754602996,0.2968304843,scalar_l8_train1e4,0.3075850873,1.0754602996,med_vs_med,0.2968304843,1.0754602996,1
212,_round212_fastdiscover_records.jsonl,mbpp_seed40_anchor,mbpp,0.4248715127,head_l10_strong,0.4285904596,0.3718946932,,,,,,0.4248715127,,0
212,_round212_fastdiscover_records.jsonl,punc_seed27_anchor,punc,0.0841739508,scalar_l8_train8e5,0.0906134402,0.6439489339,,,,,,0.0841739508,,0
213,_round213_fastdiscover_records.jsonl,arc_mc_seed41_discovery,arc_mc,0.3333333333,scalar_l8_sched_cos,0.3750000000,4.1666666667,0.3333333333,scalar_l8_sched_cos,0.3750000000,4.1666666667,med_vs_med,0.3333333333,4.1666666667,1
213,_round213_fastdiscover_records.jsonl,hotpot_seed40_discovery,hotpot,0.1251496251,scalar_l8_train1e4,0.1099981100,-1.5151515152,,,,,,0.1251496251,,0
214,_round214_fastdiscover_records.jsonl,mbpp_longctx_seed12_repair,mbpp_longctx,0.1603211603,scalar_l8_train8e5,0.1834585168,2.3137356471,0.1846153846,scalar_l8_train8e5,0.2283549784,4.3739593740,med_vs_med,0.1846153846,4.3739593740,1
214,_round214_fastdiscover_records.jsonl,protein_ss_seed53_discovery,protein_ss,0.2968304843,head_l8,0.2968304843,0.0000000000,,,,,,0.2968304843,,0
215,_round215_fastdiscover_records.jsonl,mbpp_seed41_headprobe,mbpp,0.4229018960,scalar_l8_train8e5,0.4158652736,-0.7036622421,,,,,,0.4229018960,,0
215,_round215_fastdiscover_records.jsonl,punc_seed28_anchor,punc,0.0849763987,head_l8,0.0885595374,0.3583138714,,,,,,0.0849763987,,0
216,_round216_fastdiscover_records.jsonl,arc_mc_seed42_discovery,arc_mc,0.3750000000,scalar_l8_train8e5,0.3333333333,-4.1666666667,,,,,,0.3750000000,,0
216,_round216_fastdiscover_records.jsonl,protein_ss_seed54_discovery,protein_ss,0.2955790798,scalar_l8_train8e5,0.3173795656,2.1800485841,0.2955790798,scalar_l8_train8e5,0.3173795656,2.1800485841,med_vs_med,0.2955790798,2.1800485841,1
217,_round217_fastdiscover_records.jsonl,arc_mc_seed43_discovery,arc_mc,0.3750000000,scalar_l8_train1e4,0.3750000000,0.0000000000,,,,,,0.3750000000,,0
217,_round217_fastdiscover_records.jsonl,protein_ss_seed55_discovery,protein_ss,0.3636381509,scalar_l8_train8e5,0.3321514171,-3.1486733736,,,,,,0.3636381509,,0
218,_round218_fastdiscover_records.jsonl,hotpot_seed41_discovery,hotpot,0.1161406161,head_l8,0.1175738676,0.1433251433,,,,,,0.1161406161,,0
218,_round218_fastdiscover_records.jsonl,mbpp_seed42_headprobe,mbpp,0.4186187231,head_l10_strong,0.4222250967,0.3606373516,,,,,,0.4186187231,,0
219,_round219_fastdiscover_records.jsonl,arc_mc_seed44_discovery,arc_mc,0.3333333333,scalar_l8_train1e4,0.3750000000,4.1666666667,0.3750000000,scalar_l8_train1e4,0.3750000000,0.0000000000,med_vs_med,0.3750000000,0.0000000000,0
219,_round219_fastdiscover_records.jsonl,protein_ss_seed56_discovery,protein_ss,0.2564285291,scalar_l8_train1e4,0.2808210857,2.4392556596,0.2564285291,scalar_l8_train1e4,0.3038896376,4.7461108518,med_vs_med,0.2564285291,4.7461108518,1
220,_round220_fastdiscover_records.jsonl,mbpp_seed43_anchor,mbpp,0.4216063087,head_l10_strong,0.4294958551,0.7889546351,,,,,,0.4216063087,,0
220,_round220_fastdiscover_records.jsonl,punc_seed29_anchor,punc,0.0901552941,scalar_l8_train8e5,0.0919960548,0.1840760758,,,,,,0.0901552941,,0
221,_round221_fastdiscover_records.jsonl,arc_mc_seed45_discovery,arc_mc,0.2916666667,scalar_l8_train1e4,0.3750000000,8.3333333333,0.3750000000,scalar_l8_train1e4,0.4166666667,4.1666666667,med_vs_med,0.3750000000,4.1666666667,1
221,_round221_fastdiscover_records.jsonl,hotpot_seed42_discovery,hotpot,0.0818055818,scalar_l8_train8e5,0.0995558496,1.7750267750,0.1087844255,scalar_l8_train8e5,0.1311688312,2.2384405718,med_vs_med,0.1087844255,2.2384405718,1
222,_round222_fastdiscover_records.jsonl,mbpp_longctx_seed13_repair,mbpp_longctx,0.1300181300,scalar_l8_train8e5,0.1486661487,1.8648018648,0.1712842713,scalar_l8_train8e5,0.2712842713,10.0000000000,med_vs_med,0.1712842713,10.0000000000,1
222,_round222_fastdiscover_records.jsonl,protein_ss_seed57_discovery,protein_ss,0.2968304843,scalar_l8_train1e4,0.3097232933,1.2892808945,0.2968304843,scalar_l8_train1e4,0.3097232933,1.2892808945,med_vs_med,0.2968304843,1.2892808945,1
223,_round223_fastdiscover_records.jsonl,mbpp_seed44_headprobe,mbpp,0.3898340561,scalar_l8_sched_cos,0.4219447084,3.2110652246,0.4594205545,scalar_l8_sched_cos,0.4607201909,0.1299636314,med_vs_med,0.4594205545,0.1299636314,1
223,_round223_fastdiscover_records.jsonl,punc_seed30_anchor,punc,0.0846072022,head_l8,0.0843305019,-0.0276700248,,,,,,0.0846072022,,0
224,_round224_fastdiscover_records.jsonl,arc_mc_seed46_discovery,arc_mc,0.4166666667,scalar_l8_train1e4,0.3333333333,-8.3333333333,,,,,,0.4166666667,,0
224,_round224_fastdiscover_records.jsonl,protein_ss_seed58_discovery,protein_ss,0.2604990039,head_l8,0.3101323019,4.9633297989,0.2812033937,head_l8,0.3175445493,3.6341155574,med_vs_med,0.2812033937,3.6341155574,1
225,_round225_fastdiscover_records.jsonl,arc_mc_seed47_discovery,arc_mc,0.3333333333,scalar_l8_sched_cos,0.3750000000,4.1666666667,0.3333333333,scalar_l8_sched_cos,0.3750000000,4.1666666667,med_vs_med,0.3333333333,4.1666666667,1
225,_round225_fastdiscover_records.jsonl,protein_ss_seed59_discovery,protein_ss,0.2435640631,head_l8,0.3064327951,6.2868732027,0.3159051890,head_l8,0.3064327951,-0.9472393951,med_vs_med,0.3159051890,-0.9472393951,0
226,_round226_fastdiscover_records.jsonl,hotpot_seed43_discovery,hotpot,0.1111636112,scalar_l8_train8e5,0.1225508726,1.1387261387,0.1187228207,scalar_l8_train8e5,0.1225508726,0.3828051858,med_vs_med,0.1187228207,0.3828051858,1
226,_round226_fastdiscover_records.jsonl,mbpp_seed45_headprobe,mbpp,0.4143935617,head_l10_strong,0.4426720142,2.8278452487,0.4668820060,head_l10_strong,0.5132678927,4.6385886701,med_vs_med,0.4668820060,4.6385886701,1
227,_round227_fastdiscover_records.jsonl,arc_mc_seed48_discovery,arc_mc,0.2916666667,scalar_l8_train8e5,0.3333333333,4.1666666667,0.3750000000,scalar_l8_train8e5,0.3750000000,0.0000000000,med_vs_med,0.3750000000,0.0000000000,0
227,_round227_fastdiscover_records.jsonl,protein_ss_seed60_discovery,protein_ss,0.2425299277,head_l8,0.3025470912,6.0017163474,0.2667652491,head_l8,0.3209852383,5.4219989218,med_vs_med,0.2667652491,5.4219989218,1
228,_round228_fastdiscover_records.jsonl,mbpp_seed46_anchor,mbpp,0.4317458600,scalar_l8_sched_cos,0.4178499236,-1.3895936467,,,,,,0.4317458600,,0
228,_round228_fastdiscover_records.jsonl,punc_seed31_anchor,punc,0.0895418442,head_l8,0.0849370874,-0.4604756760,,,,,,0.0895418442,,0
229,_round229_fastdiscover_records.jsonl,arc_mc_seed49_discovery,arc_mc,0.2916666667,scalar_l8_train1e4,0.2916666667,0.0000000000,,,,,,0.2916666667,,0
229,_round229_fastdiscover_records.jsonl,hotpot_seed44_discovery,hotpot,0.0945788446,scalar_l8_train1e4,0.1239841240,2.9405279405,0.1171177588,scalar_l8_train1e4,0.1239841240,0.6866365200,med_vs_med,0.1171177588,0.6866365200,1
400,_round400_fastdiscover_records.jsonl,arc_mc_seed113_discovery,arc_mc,0.3333333333,scalar_l8_train1e4,0.2916666667,-4.1666666667,,,,,,0.3333333333,,0
400,_round400_fastdiscover_records.jsonl,protein_ss_seed165_discovery,protein_ss,0.2920355108,head_l8,0.2968304843,0.4794973545,,,,,,0.2920355108,,0
401,_round401_fastdiscover_records.jsonl,arc_mc_seed114_discovery,arc_mc,0.3333333333,scalar_l8_train1e4,0.3750000000,4.1666666667,0.3333333333,scalar_l8_train1e4,0.3750000000,4.1666666667,med_vs_med,0.3333333333,4.1666666667,1
401,_round401_fastdiscover_records.jsonl,protein_ss_seed166_discovery,protein_ss,0.2392762180,scalar_l8_sched_cos,0.2692959583,3.0019740286,0.2677361554,scalar_l8_sched_cos,0.2692959583,0.1559802925,med_vs_med,0.2677361554,0.1559802925,1
402,_round402_fastdiscover_records.jsonl,mbpp_seed90_headprobe,mbpp,0.4146222319,scalar_l8_sched_cos,0.4413161465,2.6693914669,0.4743562256,scalar_l8_sched_cos,0.4558437841,-1.8512441523,med_vs_med,0.4743562256,-1.8512441523,0
402,_round402_fastdiscover_records.jsonl,protein_ss_seed167_discovery,protein_ss,0.2913417916,head_l8,0.2950993868,0.3757595139,,,,,,0.2913417916,,0
403,_round403_fastdiscover_records.jsonl,squad_seed48_discovery,squad,0.1357323232,scalar_l8_sched_cos,0.1457828283,1.0050505051,0.1775140059,scalar_l8_sched_cos,0.1847871902,0.7273184294,med_vs_med,0.1775140059,0.7273184294,1
404,_round404_fastdiscover_records.jsonl,mbpp_longctx_seed57_repair,mbpp_longctx,0.1486661487,head_l8,0.1486661487,0.0000000000,,,,,,0.1486661487,,0
404,_round404_fastdiscover_records.jsonl,protein_ss_seed168_discovery,protein_ss,0.3075333962,scalar_l8_train1e4,0.3123870172,0.4853620955,,,,,,0.3075333962,,0
405,_round405_fastdiscover_records.jsonl,arc_mc_seed115_discovery,arc_mc,0.3333333333,scalar_l8_train1e4,0.4583333333,12.5000000000,0.3333333333,scalar_l8_train1e4,0.4583333333,12.5000000000,med_vs_med,0.3333333333,12.5000000000,1
405,_round405_fastdiscover_records.jsonl,mbpp_seed91_headprobe,mbpp,0.4212648877,head_l10_strong,0.4278115502,0.6546662469,,,,,,0.4212648877,,0
406,_round406_fastdiscover_records.jsonl,hotpot_seed67_discovery,hotpot,0.0688019188,scalar_l8_train1e4,0.1085648586,3.9762939763,0.1049857550,scalar_l8_train1e4,0.1085648586,0.3579103579,med_vs_med,0.1049857550,0.3579103579,1
406,_round406_fastdiscover_records.jsonl,protein_ss_seed169_discovery,protein_ss,0.2583156068,head_l8,0.2913417916,3.3026184819,0.2669305930,head_l8,0.3023228662,3.5392273192,med_vs_med,0.2669305930,3.5392273192,1
407,_round407_fastdiscover_records.jsonl,mbpp_longctx_seed58_repair,mbpp_longctx,0.1758611759,head_l8,0.1524648191,-2.3396356730,,,,,,0.1758611759,,0
407,_round407_fastdiscover_records.jsonl,squad_seed49_anchor,squad,0.1357070707,scalar_l8_sched_cos,0.1432828283,0.7575757576,,,,,,0.1357070707,,0
408,_round408_fastdiscover_records.jsonl,arc_mc_seed116_discovery,arc_mc,0.3333333333,scalar_l8_train1e4,0.3750000000,4.1666666667,0.3750000000,scalar_l8_train1e4,0.3750000000,0.0000000000,med_vs_med,0.3750000000,0.0000000000,0
408,_round408_fastdiscover_records.jsonl,protein_ss_seed170_discovery,protein_ss,0.2428678731,scalar_l8_train1e4,0.3255808622,8.2712989171,0.2887833393,scalar_l8_train1e4,0.3255808622,3.6797522911,med_vs_med,0.2887833393,3.6797522911,1
409,_round409_fastdiscover_records.jsonl,arc_mc_seed117_discovery,arc_mc,0.4166666667,scalar_l8_train1e4,0.3333333333,-8.3333333333,,,,,,0.4166666667,,0
409,_round409_fastdiscover_records.jsonl,protein_ss_seed171_discovery,protein_ss,0.2406851769,scalar_l8_sched_cos,0.2744034578,3.3718280901,0.2495447015,scalar_l8_sched_cos,0.2744034578,2.4858756286,med_vs_med,0.2495447015,2.4858756286,1
410,_round410_fastdiscover_records.jsonl,mbpp_seed92_headprobe,mbpp,0.4060379919,scalar_l8_sched_cos,0.4185134931,1.2475501281,0.4711913950,scalar_l8_sched_cos,0.4900656788,1.8874283788,med_vs_med,0.4711913950,1.8874283788,1
410,_round410_fastdiscover_records.jsonl,protein_ss_seed172_discovery,protein_ss,0.2947656157,scalar_l8_train1e4,0.2913417916,-0.3423824114,,,,,,0.2947656157,,0
411,_round411_fastdiscover_records.jsonl,squad_seed50_discovery,squad,0.1357828283,scalar_l8_sched_cos,0.1433333333,0.7550505051,,,,,,0.1357828283,,0
412,_round412_fastdiscover_records.jsonl,mbpp_longctx_seed59_repair,mbpp_longctx,0.1572131572,scalar_l8_train1e4,0.1486661487,-0.8547008547,,,,,,0.1572131572,,0
412,_round412_fastdiscover_records.jsonl,protein_ss_seed173_discovery,protein_ss,0.2968304843,scalar_l8_train1e4,0.3266187196,2.9788235278,0.2968304843,scalar_l8_train1e4,0.3266187196,2.9788235278,med_vs_med,0.2968304843,2.9788235278,1
413,_round413_fastdiscover_records.jsonl,arc_mc_seed118_discovery,arc_mc,0.3750000000,scalar_l8_train1e4,0.3333333333,-4.1666666667,,,,,,0.3750000000,,0
413,_round413_fastdiscover_records.jsonl,mbpp_seed93_headprobe,mbpp,0.4303625706,scalar_l8_train1e4,0.4211895070,-0.9173063550,,,,,,0.4303625706,,0
414,_round414_fastdiscover_records.jsonl,hotpot_seed68_discovery,hotpot,0.0625748126,head_l8,0.0983430983,3.5768285768,0.1311688312,head_l8,0.1256647673,-0.5504063837,med_vs_med,0.1311688312,-0.5504063837,0
414,_round414_fastdiscover_records.jsonl,protein_ss_seed174_discovery,protein_ss,0.3105540293,scalar_l8_sched_cos,0.3563228317,4.5768802348,0.3105540293,scalar_l8_sched_cos,0.3563228317,4.5768802348,med_vs_med,0.3105540293,4.5768802348,1
415,_round415_fastdiscover_records.jsonl,mbpp_longctx_seed60_repair,mbpp_longctx,0.1255287922,head_l8,0.1302771303,0.4748338082,,,,,,0.1255287922,,0
415,_round415_fastdiscover_records.jsonl,squad_seed51_anchor,squad,0.1483080808,scalar_l8_sched_cos,0.1558585859,0.7550505051,,,,,,0.1483080808,,0
416,_round416_fastdiscover_records.jsonl,arc_mc_seed119_discovery,arc_mc,0.2916666667,scalar_l8_train1e4,0.3750000000,8.3333333333,0.3750000000,scalar_l8_train1e4,0.3750000000,0.0000000000,med_vs_med,0.3750000000,0.0000000000,0
416,_round416_fastdiscover_records.jsonl,protein_ss_seed175_discovery,protein_ss,0.2913417916,head_l8,0.2913417916,0.0000000000,,,,,,0.2913417916,,0
417,_round417_fastdiscover_records.jsonl,arc_mc_seed120_discovery,arc_mc,0.3333333333,scalar_l8_sched_cos,0.3750000000,4.1666666667,0.3750000000,scalar_l8_sched_cos,0.5000000000,12.5000000000,med_vs_med,0.3750000000,12.5000000000,1
417,_round417_fastdiscover_records.jsonl,protein_ss_seed176_discovery,protein_ss,0.2913417916,head_l8,0.3145557871,2.3213995502,0.3141134693,head_l8,0.3145557871,0.0442317857,med_vs_med,0.3141134693,0.0442317857,1
418,_round418_fastdiscover_records.jsonl,mbpp_seed94_headprobe,mbpp,0.4334765566,scalar_l8_sched_cos,0.4354646114,0.1988054766,,,,,,0.4334765566,,0
418,_round418_fastdiscover_records.jsonl,protein_contact_seed2_discovery,protein_contact,0.9687500000,head_l8,0.9687500000,0.0000000000,,,,,,0.9687500000,,0
419,_round419_fastdiscover_records.jsonl,hotpot_seed69_discovery,hotpot,0.1161406161,scalar_l8_train1e4,0.1175738676,0.1433251433,,,,,,0.1161406161,,0
419,_round419_fastdiscover_records.jsonl,squad_seed52_discovery,squad,0.1408838384,scalar_l8_sched_cos,0.1609090909,2.0025252525,0.1867559524,scalar_l8_sched_cos,0.1874569602,0.0701007776,med_vs_med,0.1867559524,0.0701007776,1
420,_round420_fastdiscover_records.jsonl,mbpp_longctx_seed61_repair,mbpp_longctx,0.1340758007,scalar_l8_sched_cos,0.1796598463,4.5584045584,0.2169552670,scalar_l8_sched_cos,0.2165223665,-0.0432900433,med_vs_med,0.2169552670,-0.0432900433,0
420,_round420_fastdiscover_records.jsonl,protein_ss_seed177_discovery,protein_ss,0.2308077698,scalar_l8_sched_cos,0.2398074870,0.8999717151,0.2377063373,scalar_l8_sched_cos,0.2625377685,2.4831431194,med_vs_med,0.2377063373,2.4831431194,1
421,_round421_fastdiscover_records.jsonl,arc_mc_seed121_discovery,arc_mc,0.3750000000,scalar_l8_train8e5,0.3750000000,0.0000000000,,,,,,0.3750000000,,0
421,_round421_fastdiscover_records.jsonl,protein_contact_seed3_discovery,protein_contact,0.9687500000,head_l8,0.9687500000,0.0000000000,,,,,,0.9687500000,,0
422,_round422_fastdiscover_records.jsonl,mbpp_seed95_headprobe,mbpp,0.4235263079,head_l10_strong,0.4462912709,2.2764963063,0.4610993617,head_l10_strong,0.4848300767,2.3730715003,med_vs_med,0.4610993617,2.3730715003,1
422,_round422_fastdiscover_records.jsonl,protein_ss_seed178_discovery,protein_ss,0.2971730855,head_l8,0.3019571141,0.4784028529,,,,,,0.2971730855,,0
423,_round423_fastdiscover_records.jsonl,protein_contact_seed4_discovery,protein_contact,0.9687500000,head_l8,0.9687500000,0.0000000000,,,,,,0.9687500000,,0
423,_round423_fastdiscover_records.jsonl,squad_seed53_anchor,squad,0.1559090909,scalar_l8_train1e4,0.1482828283,-0.7626262626,,,,,,0.1559090909,,0
424,_round424_fastdiscover_records.jsonl,protein_contact_seed5_discovery,protein_contact,0.9687500000,head_l8,0.9687500000,0.0000000000,,,,,,0.9687500000,,0
424,_round424_fastdiscover_records.jsonl,protein_ss_seed179_discovery,protein_ss,0.2876368271,scalar_l8_sched_cos,0.2879563233,0.0319496227,,,,,,0.2876368271,,0
425,_round425_fastdiscover_records.jsonl,arc_mc_seed122_discovery,arc_mc,0.3333333333,scalar_l8_sched_cos,0.4166666667,8.3333333333,0.3333333333,scalar_l8_sched_cos,0.4166666667,8.3333333333,med_vs_med,0.3333333333,8.3333333333,1
425,_round425_fastdiscover_records.jsonl,protein_ss_seed180_discovery,protein_ss,0.2913417916,scalar_l8_sched_cos,0.3287759998,3.7434208203,0.2913417916,scalar_l8_sched_cos,0.3287759998,3.7434208203,med_vs_med,0.2913417916,3.7434208203,1
426,_round426_fastdiscover_records.jsonl,mbpp_seed96_headprobe,mbpp,0.4093030829,head_l10_strong,0.4110131162,0.1710033302,,,,,,0.4093030829,,0
426,_round426_fastdiscover_records.jsonl,protein_contact_seed6_discovery,protein_contact,0.9687500000,head_l8,0.9687500000,0.0000000000,,,,,,0.9687500000,,0
427,_round427_fastdiscover_records.jsonl,hotpot_seed70_discovery,hotpot,0.0626262626,scalar_l8_sched_cos,0.0867353367,2.4109074109,0.1038239538,scalar_l8_sched_cos,0.0869355236,-1.6888430261,med_vs_med,0.1038239538,-1.6888430261,0
427,_round427_fastdiscover_records.jsonl,squad_seed54_discovery,squad,0.1383080808,scalar_l8_train1e4,0.1508080808,1.2500000000,0.1811534347,scalar_l8_train1e4,0.1972106016,1.6057166877,med_vs_med,0.1811534347,1.6057166877,1
428,_round428_fastdiscover_records.jsonl,mbpp_longctx_seed62_repair,mbpp_longctx,0.1053267720,scalar_l8_sched_cos,0.1486661487,4.3339376673,0.2284271284,scalar_l8_sched_cos,0.2361111111,0.7683982684,med_vs_med,0.2284271284,0.7683982684,1
428,_round428_fastdiscover_records.jsonl,protein_ss_seed181_discovery,protein_ss,0.3425209659,scalar_l8_train1e4,0.2644103582,-7.8110607716,,,,,,0.3425209659,,0
429,_round429_fastdiscover_records.jsonl,arc_mc_seed123_discovery,arc_mc,0.3333333333,scalar_l8_sched_cos,0.4166666667,8.3333333333,0.4166666667,scalar_l8_sched_cos,0.4166666667,0.0000000000,med_vs_med,0.4166666667,0.0000000000,0
429,_round429_fastdiscover_records.jsonl,protein_contact_seed7_discovery,protein_contact,0.9687500000,head_l8,0.9687500000,0.0000000000,,,,,,0.9687500000,,0
430,_round430_fastdiscover_records.jsonl,mbpp_seed97_headprobe,mbpp,0.4037394010,scalar_l8_train1e4,0.4211141263,1.7374725374,0.4995092174,scalar_l8_train1e4,0.4824465279,-1.7062689585,med_vs_med,0.4995092174,-1.7062689585,0
430,_round430_fastdiscover_records.jsonl,protein_ss_seed182_discovery,protein_ss,0.2135607280,scalar_l8_sched_cos,0.2420451269,2.8484398897,0.2667652491,scalar_l8_sched_cos,0.2994253519,3.2660102825,med_vs_med,0.2667652491,3.2660102825,1
431,_round431_fastdiscover_records.jsonl,protein_contact_seed8_discovery,protein_contact,0.9687500000,head_l8,0.9687500000,0.0000000000,,,,,,0.9687500000,,0
431,_round431_fastdiscover_records.jsonl,squad_seed55_anchor,squad,0.1380370506,scalar_l8_sched_cos,0.1583838384,2.0346787779,0.1849663391,scalar_l8_sched_cos,0.1636795506,-2.1286788500,med_vs_med,0.1849663391,-2.1286788500,0
432,_round432_fastdiscover_records.jsonl,protein_contact_seed9_discovery,protein_contact,0.9687500000,head_l8,0.9687500000,0.0000000000,,,,,,0.9687500000,,0
432,_round432_fastdiscover_records.jsonl,protein_ss_seed183_discovery,protein_ss,0.2968304843,head_l8,0.2968304843,0.0000000000,,,,,,0.2968304843,,0
433,_round433_fastdiscover_records.jsonl,arc_mc_seed124_discovery,arc_mc,0.2500000000,scalar_l8_sched_cos,0.3750000000,12.5000000000,0.4166666667,scalar_l8_sched_cos,0.4166666667,0.0000000000,med_vs_med,0.4166666667,0.0000000000,0
433,_round433_fastdiscover_records.jsonl,protein_ss_seed184_discovery,protein_ss,0.2913417916,scalar_l8_train1e4,0.3013603721,1.0018580458,0.3219994759,scalar_l8_train1e4,0.3013603721,-2.0639103807,med_vs_med,0.3219994759,-2.0639103807,0
434,_round434_fastdiscover_records.jsonl,mbpp_seed98_headprobe,mbpp,0.4512663953,scalar_l8_train1e4,0.4160259310,-3.5240464345,,,,,,0.4512663953,,0
434,_round434_fastdiscover_records.jsonl,protein_contact_seed10_discovery,protein_contact,0.9687500000,head_l8,0.9687500000,0.0000000000,,,,,,0.9687500000,,0
435,_round435_fastdiscover_records.jsonl,hotpot_seed71_discovery,hotpot,0.1111636112,scalar_l8_train1e4,0.1137623638,0.2598752599,,,,,,0.1111636112,,0
435,_round435_fastdiscover_records.jsonl,squad_seed56_discovery,squad,0.1416319967,head_l8,0.1432575758,0.1625579025,,,,,,0.1416319967,,0
436,_round436_fastdiscover_records.jsonl,mbpp_longctx_seed63_repair,mbpp_longctx,0.1796598463,scalar_l8_sched_cos,0.1502201502,-2.9439696106,,,,,,0.1796598463,,0
436,_round436_fastdiscover_records.jsonl,protein_ss_seed185_discovery,protein_ss,0.2656286817,scalar_l8_train1e4,0.2968177656,3.1189083821,0.2656286817,scalar_l8_train1e4,0.2968177656,3.1189083821,med_vs_med,0.2656286817,3.1189083821,1
437,_round437_fastdiscover_records.jsonl,arc_mc_seed125_discovery,arc_mc,0.3750000000,scalar_l8_train1e4,0.3333333333,-4.1666666667,,,,,,0.3750000000,,0
437,_round437_fastdiscover_records.jsonl,protein_contact_seed11_discovery,protein_contact,0.9687500000,head_l8,0.9687500000,0.0000000000,,,,,,0.9687500000,,0
438,_round438_fastdiscover_records.jsonl,mbpp_seed99_headprobe,mbpp,0.4311774461,scalar_l8_sched_cos,0.4355731654,0.4395719334,,,,,,0.4311774461,,0
438,_round438_fastdiscover_records.jsonl,protein_ss_seed186_discovery,protein_ss,0.2968304843,scalar_l8_sched_cos,0.3421086570,4.5278172686,0.2968304843,scalar_l8_sched_cos,0.3421086570,4.5278172686,med_vs_med,0.2968304843,4.5278172686,1
439,_round439_fastdiscover_records.jsonl,protein_contact_seed12_discovery,protein_contact,0.9687500000,head_l8,0.9687500000,0.0000000000,,,,,,0.9687500000,,0
439,_round439_fastdiscover_records.jsonl,squad_seed57_anchor,squad,0.1533333333,head_l8,0.1533080808,-0.0025252525,,,,,,0.1533333333,,0
440,_round440_fastdiscover_records.jsonl,protein_contact_seed13_discovery,protein_contact,0.9609375000,head_l8,0.9609375000,0.0000000000,,,,,,0.9609375000,,0
440,_round440_fastdiscover_records.jsonl,protein_ss_seed187_discovery,protein_ss,0.2968304843,scalar_l8_sched_cos,0.3079234325,1.1092948169,0.2968304843,scalar_l8_sched_cos,0.3079234325,1.1092948169,med_vs_med,0.2968304843,1.1092948169,1
441,_round441_fastdiscover_records.jsonl,arc_mc_seed126_discovery,arc_mc,0.3750000000,scalar_l8_train8e5,0.4166666667,4.1666666667,0.4166666667,scalar_l8_train8e5,0.4583333333,4.1666666667,med_vs_med,0.4166666667,4.1666666667,1
441,_round441_fastdiscover_records.jsonl,protein_ss_seed188_discovery,protein_ss,0.2461690569,scalar_l8_sched_cos,0.2648423610,1.8673304158,0.2855364630,scalar_l8_sched_cos,0.3268038085,4.1267345513,med_vs_med,0.2855364630,4.1267345513,1
442,_round442_fastdiscover_records.jsonl,mbpp_seed100_headprobe,mbpp,0.4151924602,head_l10_strong,0.4185323004,0.3339840176,,,,,,0.4151924602,,0
442,_round442_fastdiscover_records.jsonl,protein_contact_seed14_discovery,protein_contact,0.9687500000,head_l8,0.9687500000,0.0000000000,,,,,,0.9687500000,,0
443,_round443_fastdiscover_records.jsonl,hotpot_seed72_discovery,hotpot,0.0981225981,scalar_l8_train1e4,0.0919800920,-0.6142506143,,,,,,0.0981225981,,0
443,_round443_fastdiscover_records.jsonl,squad_seed58_discovery,squad,0.1433080808,scalar_l8_sched_cos,0.1508838384,0.7575757576,,,,,,0.1433080808,,0
444,_round444_fastdiscover_records.jsonl,mbpp_longctx_seed64_repair,mbpp_longctx,0.1441768108,scalar_l8_train1e4,0.1385651386,-0.5611672278,,,,,,0.1441768108,,0
444,_round444_fastdiscover_records.jsonl,protein_ss_seed189_discovery,protein_ss,0.2452306314,scalar_l8_train1e4,0.2539324899,0.8701858486,0.2667652491,scalar_l8_train1e4,0.3157184240,4.8953174968,med_vs_med,0.2667652491,4.8953174968,1
445,_round445_fastdiscover_records.jsonl,arc_mc_seed127_discovery,arc_mc,0.2916666667,scalar_l8_train1e4,0.2916666667,0.0000000000,,,,,,0.2916666667,,0
445,_round445_fastdiscover_records.jsonl,protein_contact_seed15_discovery,protein_contact,0.9687500000,head_l8,0.9687500000,0.0000000000,,,,,,0.9687500000,,0
446,_round446_fastdiscover_records.jsonl,mbpp_seed101_headprobe,mbpp,0.4186642545,scalar_l8_train1e4,0.4335896276,1.4925373134,0.4952412841,scalar_l8_train1e4,0.4678401774,-2.7401106764,med_vs_med,0.4952412841,-2.7401106764,0
446,_round446_fastdiscover_records.jsonl,protein_ss_seed190_discovery,protein_ss,0.2260445063,scalar_l8_sched_cos,0.2618425874,3.5798081017,0.3245659740,scalar_l8_sched_cos,0.3019794596,-2.2586514363,med_vs_med,0.3245659740,-2.2586514363,0
447,_round447_fastdiscover_records.jsonl,protein_contact_seed16_discovery,protein_contact,0.9687500000,head_l8,0.9687500000,0.0000000000,,,,,,0.9687500000,,0
447,_round447_fastdiscover_records.jsonl,squad_seed59_anchor,squad,0.1508333333,scalar_l8_train1e4,0.1433585859,-0.7474747475,,,,,,0.1508333333,,0
448,_round448_fastdiscover_records.jsonl,protein_contact_seed17_discovery,protein_contact,0.9687500000,head_l8,0.9687500000,0.0000000000,,,,,,0.9687500000,,0
448,_round448_fastdiscover_records.jsonl,protein_ss_seed191_discovery,protein_ss,0.2968304843,head_l8,0.2968304843,0.0000000000,,,,,,0.2968304843,,0
449,_round449_fastdiscover_records.jsonl,arc_mc_seed164_discovery,arc_mc,0.3333333333,scalar_l8_train1e4,0.4166666667,8.3333333333,0.3750000000,scalar_l8_train1e4,0.4166666667,4.1666666667,med_vs_med,0.3750000000,4.1666666667,1
449,_round449_fastdiscover_records.jsonl,protein_ss_seed232_discovery,protein_ss,0.2968304843,scalar_l8_sched_cos,0.3291977272,3.2367242894,0.2968304843,scalar_l8_sched_cos,0.3291977272,3.2367242894,med_vs_med,0.2968304843,3.2367242894,1
450,_round450_fastdiscover_records.jsonl,mbpp_seed126_headprobe,mbpp,0.4020842380,scalar_l8_sched_cos,0.4332392531,3.1155015198,0.4574407628,scalar_l8_sched_cos,0.4624653916,0.5024628754,med_vs_med,0.4574407628,0.5024628754,1
451,_round451_fastdiscover_records.jsonl,mbpp_longctx_seed85_repair,mbpp_longctx,0.1657601658,scalar_l8_sched_cos,0.1587671588,-0.6993006993,,,,,,0.1657601658,,0
451,_round451_fastdiscover_records.jsonl,squad_seed80_discovery,squad,0.1407070707,head_l8,0.1482828283,0.7575757576,,,,,,0.1407070707,,0
452,_round452_fastdiscover_records.jsonl,arc_mc_seed165_discovery,arc_mc,0.4166666667,scalar_l8_sched_cos,0.3750000000,-4.1666666667,,,,,,0.4166666667,,0
452,_round452_fastdiscover_records.jsonl,protein_ss_seed233_discovery,protein_ss,0.2784280892,head_l8,0.2955790798,1.7150990579,0.2784280892,head_l8,0.2955790798,1.7150990579,med_vs_med,0.2784280892,1.7150990579,1
453,_round453_fastdiscover_records.jsonl,mbpp_seed127_headprobe,mbpp,0.4336650083,scalar_l8_sched_cos,0.4161013116,-1.7563696668,,,,,,0.4336650083,,0
453,_round453_fastdiscover_records.jsonl,protein_ss_seed234_discovery,protein_ss,0.2467947071,scalar_l8_sched_cos,0.2769912978,3.0196590724,0.2822376696,scalar_l8_sched_cos,0.2769912978,-0.5246371796,med_vs_med,0.2822376696,-0.5246371796,0
454,_round454_fastdiscover_records.jsonl,arc_mc_seed166_discovery,arc_mc,0.4166666667,scalar_l8_train1e4,0.4166666667,0.0000000000,,,,,,0.4166666667,,0
455,_round455_fastdiscover_records.jsonl,mbpp_seed128_anchor,mbpp,0.3959369818,scalar_l8_train1e4,0.4236393789,2.7702397105,0.4693925943,scalar_l8_train1e4,0.4660821832,-0.3310411031,med_vs_med,0.4693925943,-0.3310411031,0
455,_round455_fastdiscover_records.jsonl,squad_seed81_anchor,squad,0.1332575758,scalar_l8_train1e4,0.1483080808,1.5050505051,0.1782171202,scalar_l8_train1e4,0.1851326977,0.6915577520,med_vs_med,0.1782171202,0.6915577520,1
456,_round456_fastdiscover_records.jsonl,mbpp_longctx_seed86_repair,mbpp_longctx,0.1479754813,scalar_l8_sched_cos,0.1883795217,4.0404040404,0.2029581530,scalar_l8_sched_cos,0.1883795217,-1.4578631245,med_vs_med,0.2029581530,-1.4578631245,0
456,_round456_fastdiscover_records.jsonl,protein_ss_seed235_discovery,protein_ss,0.3192041010,scalar_l8_train1e4,0.3325534724,1.3349371372,0.3192041010,scalar_l8_train1e4,0.3325534724,1.3349371372,med_vs_med,0.3192041010,1.3349371372,1
457,_round457_fastdiscover_records.jsonl,arc_mc_seed167_discovery,arc_mc,0.3333333333,scalar_l8_train1e4,0.3750000000,4.1666666667,0.5000000000,scalar_l8_train1e4,0.3750000000,-12.5000000000,med_vs_med,0.5000000000,-12.5000000000,0
457,_round457_fastdiscover_records.jsonl,protein_ss_seed236_discovery,protein_ss,0.2968304843,head_l8,0.2968304843,0.0000000000,,,,,,0.2968304843,,0
458,_round458_fastdiscover_records.jsonl,mbpp_seed129_headprobe,mbpp,0.4261646314,scalar_l8_sched_cos,0.4199658391,-0.6198792311,,,,,,0.4261646314,,0
465,_round465_fastdiscover_records.jsonl,arc_mc_seed170_discovery,arc_mc,0.3333333333,scalar_l8_train1e4,0.3750000000,4.1666666667,0.3333333333,scalar_l8_train1e4,0.3750000000,4.1666666667,med_vs_med,0.3333333333,4.1666666667,1
465,_round465_fastdiscover_records.jsonl,mbpp_seed132_headprobe,mbpp,0.4336650083,scalar_l8_train1e4,0.4286521936,-0.5012814714,,,,,,0.4336650083,,0
466,_round466_fastdiscover_records.jsonl,protein_ss_seed239_discovery,protein_ss,0.2784327960,head_l8,0.3517059208,7.3273124767,0.2784327960,head_l8,0.3517059208,7.3273124767,med_vs_med,0.2784327960,7.3273124767,1
466,_round466_fastdiscover_records.jsonl,squad_seed84_discovery,squad,0.1440950509,head_l8,0.1483585859,0.4263534938,,,,,,0.1440950509,,0
467,_round467_fastdiscover_records.jsonl,hotpot_seed75_discovery,hotpot,0.0919800920,,,,,,,,,0.0919800920,,0
468,_round468_fastdiscover_records.jsonl,mbpp_longctx_seed89_repair,mbpp_longctx,0.1751705085,scalar_l8_train1e4,0.1796598463,0.4489337823,,,,,,0.1751705085,,0
468,_round468_fastdiscover_records.jsonl,protein_contact_seed20_discovery,protein_contact,0.9687500000,head_l8,0.9687500000,0.0000000000,,,,,,0.9687500000,,0
469,_round469_fastdiscover_records.jsonl,arc_mc_seed171_discovery,arc_mc,0.3750000000,scalar_l8_train1e4,0.3750000000,0.0000000000,,,,,,0.3750000000,,0
500,_round500_fastdiscover_records.jsonl,arc_mc_seed182_discovery,arc_mc,0.4166666667,scalar_l8_train1e4,0.3750000000,-4.1666666667,,,,,,0.4166666667,,0
500,_round500_fastdiscover_records.jsonl,protein_contact_seed28_discovery,protein_contact,0.9687500000,head_l8,0.9687500000,0.0000000000,,,,,,0.9687500000,,0
501,_round501_fastdiscover_records.jsonl,mbpp_seed141_anchor,mbpp,0.4151924602,scalar_l8_sched_cos,0.4135760591,-0.1616401098,,,,,,0.4151924602,,0
501,_round501_fastdiscover_records.jsonl,protein_ss_seed251_discovery,protein_ss,0.2351181146,scalar_l8_train1e4,0.2351181146,0.0000000000,,,,,,0.2351181146,,0
502,_round502_fastdiscover_records.jsonl,mbpp_longctx_seed98_repair,mbpp_longctx,0.1479754813,scalar_l8_train1e4,0.1688681689,2.0892687559,0.2568452381,scalar_l8_train1e4,0.2179487179,-3.8896520147,med_vs_med,0.2568452381,-3.8896520147,0
502,_round502_fastdiscover_records.jsonl,squad_seed93_anchor,squad,0.1457323232,scalar_l8_train1e4,0.1458080808,0.0075757576,,,,,,0.1457323232,,0
503,_round503_fastdiscover_records.jsonl,arc_mc_seed183_discovery,arc_mc,0.2916666667,scalar_l8_train1e4,0.2916666667,0.0000000000,,,,,,0.2916666667,,0
503,_round503_fastdiscover_records.jsonl,hotpot_seed84_discovery,hotpot,0.0983903484,scalar_l8_train1e4,0.1099981100,1.1607761608,0.1144300144,scalar_l8_train1e4,0.1432597755,2.8829761025,med_vs_med,0.1144300144,2.8829761025,1
504,_round504_fastdiscover_records.jsonl,protein_contact_seed29_discovery,protein_contact,0.9687500000,head_l8,0.9687500000,0.0000000000,,,,,,0.9687500000,,0
504,_round504_fastdiscover_records.jsonl,protein_ss_seed252_discovery,protein_ss,0.2392762180,scalar_l8_sched_cos,0.2668467309,2.7570512862,0.3040549815,scalar_l8_sched_cos,0.3293736663,2.5318684730,med_vs_med,0.3040549815,2.5318684730,1
505,_round505_fastdiscover_records.jsonl,arc_mc_seed184_discovery,arc_mc,0.3750000000,scalar_l8_train1e4,0.4166666667,4.1666666667,0.3750000000,scalar_l8_train1e4,0.4166666667,4.1666666667,med_vs_med,0.3750000000,4.1666666667,1
505,_round505_fastdiscover_records.jsonl,mbpp_seed142_headprobe,mbpp,0.4261646314,scalar_l8_train1e4,0.4162143826,-0.9950248756,,,,,,0.4261646314,,0
506,_round506_fastdiscover_records.jsonl,protein_ss_seed253_discovery,protein_ss,0.3012164492,head_l8,0.2968304843,-0.4385964912,,,,,,0.3012164492,,0
506,_round506_fastdiscover_records.jsonl,squad_seed94_discovery,squad,0.1382575758,scalar_l8_train1e4,0.1458080808,0.7550505051,,,,,,0.1382575758,,0
507,_round507_fastdiscover_records.jsonl,hotpot_seed85_discovery,hotpot,0.0765608266,head_l8,0.1009891010,2.4428274428,0.1299857550,head_l8,0.1256647673,-0.4320987654,med_vs_med,0.1299857550,-0.4320987654,0
507,_round507_fastdiscover_records.jsonl,mbpp_longctx_seed99_repair,mbpp_longctx,0.1208667875,head_l8,0.1781058448,5.7239057239,0.1958152958,head_l8,0.2702380952,7.4422799423,med_vs_med,0.1958152958,7.4422799423,1
508,_round508_fastdiscover_records.jsonl,arc_mc_seed185_discovery,arc_mc,0.3750000000,scalar_l8_train1e4,0.3750000000,0.0000000000,,,,,,0.3750000000,,0
508,_round508_fastdiscover_records.jsonl,protein_contact_seed30_discovery,protein_contact,0.9687500000,head_l8,0.9687500000,0.0000000000,,,,,,0.9687500000,,0
509,_round509_fastdiscover_records.jsonl,mbpp_seed143_anchor,mbpp,0.4233056793,head_l10_strong,0.4411653852,1.7859705942,0.4902741162,head_l10_strong,0.4908597540,0.0585637753,med_vs_med,0.4902741162,0.0585637753,1
509,_round509_fastdiscover_records.jsonl,protein_ss_seed254_discovery,protein_ss,0.3053373284,scalar_l8_sched_cos,0.3285460226,2.3208694283,0.3053373284,scalar_l8_sched_cos,0.3285460226,2.3208694283,med_vs_med,0.3053373284,2.3208694283,1
510,_round510_fastdiscover_records.jsonl,mbpp_longctx_seed100_repair,mbpp_longctx,0.1131831132,head_l8,0.1378744712,2.4691358025,0.1978354978,head_l8,0.1922799423,-0.5555555556,med_vs_med,0.1978354978,-0.5555555556,0
510,_round510_fastdiscover_records.jsonl,squad_seed95_anchor,squad,0.1307323232,head_l8,0.1533585859,2.2626262626,0.1675764520,head_l8,0.1811027265,1.3526274501,med_vs_med,0.1675764520,1.3526274501,1
511,_round511_fastdiscover_records.jsonl,arc_mc_seed186_discovery,arc_mc,0.2500000000,scalar_l8_sched_cos,0.3333333333,8.3333333333,0.3750000000,scalar_l8_sched_cos,0.3750000000,0.0000000000,med_vs_med,0.3750000000,0.0000000000,0
511,_round511_fastdiscover_records.jsonl,hotpot_seed86_discovery,hotpot,0.0701505702,head_l8,0.1111636112,4.1013041013,0.1109449193,head_l8,0.1320512821,2.1106362773,med_vs_med,0.1109449193,2.1106362773,1
512,_round512_fastdiscover_records.jsonl,protein_contact_seed31_discovery,protein_contact,0.9687500000,head_l8,0.9687500000,0.0000000000,,,,,,0.9687500000,,0
512,_round512_fastdiscover_records.jsonl,protein_ss_seed255_discovery,protein_ss,0.3102106227,head_l8,0.3012947700,-0.8915852666,,,,,,0.3102106227,,0
513,_round513_fastdiscover_records.jsonl,arc_mc_seed187_discovery,arc_mc,0.2916666667,scalar_l8_train1e4,0.3750000000,8.3333333333,0.4166666667,scalar_l8_train1e4,0.3750000000,-4.1666666667,med_vs_med,0.4166666667,-4.1666666667,0
513,_round513_fastdiscover_records.jsonl,mbpp_seed144_headprobe,mbpp,0.3935624906,scalar_l8_sched_cos,0.4001122334,0.6549742868,,,,,,0.3935624906,,0
514,_round514_fastdiscover_records.jsonl,protein_ss_seed256_discovery,protein_ss,0.2968304843,scalar_l8_sched_cos,0.2968304843,0.0000000000,,,,,,0.2968304843,,0
514,_round514_fastdiscover_records.jsonl,squad_seed96_discovery,squad,0.1307575758,head_l8,0.1458080808,1.5050505051,0.1883851425,head_l8,0.1883851425,0.0000000000,med_vs_med,0.1883851425,0.0000000000,0
515,_round515_fastdiscover_records.jsonl,hotpot_seed87_discovery,hotpot,0.0855698356,scalar_l8_sched_cos,0.0934133434,0.7843507844,,,,,,0.0855698356,,0
515,_round515_fastdiscover_records.jsonl,mbpp_longctx_seed101_repair,mbpp_longctx,0.1635154968,head_l8,0.1673141673,0.3798670465,,,,,,0.1635154968,,0
516,_round516_fastdiscover_records.jsonl,arc_mc_seed188_discovery,arc_mc,0.3750000000,scalar_l8_train1e4,0.3333333333,-4.1666666667,,,,,,0.3750000000,,0
516,_round516_fastdiscover_records.jsonl,protein_contact_seed32_discovery,protein_contact,0.9687500000,head_l8,0.9687500000,0.0000000000,,,,,,0.9687500000,,0
517,_round517_fastdiscover_records.jsonl,mbpp_seed145_anchor,mbpp,0.4040924881,scalar_l8_train1e4,0.4184758028,1.4383314745,0.4878749138,scalar_l8_train1e4,0.4550326277,-3.2842286089,med_vs_med,0.4878749138,-3.2842286089,0
517,_round517_fastdiscover_records.jsonl,protein_ss_seed257_discovery,protein_ss,0.2746562759,scalar_l8_train1e4,0.2561662913,-1.8489984592,,,,,,0.2746562759,,0
518,_round518_fastdiscover_records.jsonl,squad_seed97_anchor,squad,0.1658585859,scalar_l8_sched_cos,0.1508333333,-1.5025252525,,,,,,0.1658585859,,0
520,_round520_fastdiscover_records.jsonl,protein_contact_seed33_discovery,protein_contact,0.9687500000,head_l8,0.9687500000,0.0000000000,,,,,,0.9687500000,,0
520,_round520_fastdiscover_records.jsonl,protein_ss_seed258_discovery,protein_ss,0.3161469000,scalar_l8_train1e4,0.3056024142,-1.0544485808,,,,,,0.3161469000,,0
521,_round521_fastdiscover_records.jsonl,arc_mc_seed190_discovery,arc_mc,0.3333333333,scalar_l8_train1e4,0.3333333333,0.0000000000,,,,,,0.3333333333,,0
521,_round521_fastdiscover_records.jsonl,mbpp_seed146_headprobe,mbpp,0.3985376150,head_l10_strong,0.4159882406,1.7450625660,0.4563711603,head_l10_strong,0.4597547332,0.3383572893,med_vs_med,0.4563711603,0.3383572893,1
522,_round522_fastdiscover_records.jsonl,protein_ss_seed259_discovery,protein_ss,0.3010511053,scalar_l8_sched_cos,0.3508838871,4.9832781741,0.3010511053,scalar_l8_sched_cos,0.3508838871,4.9832781741,med_vs_med,0.3010511053,4.9832781741,1
522,_round522_fastdiscover_records.jsonl,squad_seed98_discovery,squad,0.1382070707,scalar_l8_sched_cos,0.1457828283,0.7575757576,,,,,,0.1382070707,,0
523,_round523_fastdiscover_records.jsonl,hotpot_seed89_discovery,hotpot,0.1341586342,scalar_l8_train1e4,0.1164083664,-1.7750267750,,,,,,0.1341586342,,0
523,_round523_fastdiscover_records.jsonl,mbpp_longctx_seed103_repair,mbpp_longctx,0.1673141673,head_l8,0.1711128378,0.3798670465,,,,,,0.1673141673,,0
524,_round524_fastdiscover_records.jsonl,arc_mc_seed191_discovery,arc_mc,0.3750000000,scalar_l8_train1e4,0.3750000000,0.0000000000,,,,,,0.3750000000,,0
524,_round524_fastdiscover_records.jsonl,protein_contact_seed34_discovery,protein_contact,0.9687500000,head_l8,0.9687500000,0.0000000000,,,,,,0.9687500000,,0
525,_round525_fastdiscover_records.jsonl,mbpp_seed147_anchor,mbpp,0.4234509272,scalar_l8_sched_cos,0.4301454624,0.6694535258,,,,,,0.4234509272,,0
525,_round525_fastdiscover_records.jsonl,protein_ss_seed260_discovery,protein_ss,0.3013389510,head_l8,0.3102019204,0.8862969389,0.3013389510,head_l8,0.3102019204,0.8862969389,med_vs_med,0.3013389510,0.8862969389,1
526,_round526_fastdiscover_records.jsonl,mbpp_longctx_seed104_repair,mbpp_longctx,0.1154277821,head_l8,0.1603211603,4.4893378227,0.1857142857,head_l8,0.2452741703,5.9559884560,med_vs_med,0.1857142857,5.9559884560,1
526,_round526_fastdiscover_records.jsonl,squad_seed99_anchor,squad,0.1457070707,scalar_l8_sched_cos,0.1508080808,0.5101010101,,,,,,0.1457070707,,0
527,_round527_fastdiscover_records.jsonl,arc_mc_seed192_discovery,arc_mc,0.4166666667,scalar_l8_train1e4,0.3750000000,-4.1666666667,,,,,,0.4166666667,,0
527,_round527_fastdiscover_records.jsonl,hotpot_seed90_discovery,hotpot,0.1047533548,head_l8,0.1265828766,2.1829521830,0.1207200929,head_l8,0.1265828766,0.5862783668,med_vs_med,0.1207200929,0.5862783668,1
528,_round528_fastdiscover_records.jsonl,protein_contact_seed35_discovery,protein_contact,0.9687500000,head_l8,0.9687500000,0.0000000000,,,,,,0.9687500000,,0
528,_round528_fastdiscover_records.jsonl,protein_ss_seed261_discovery,protein_ss,0.2786426536,scalar_l8_sched_cos,0.3600171956,8.1374541910,0.2786426536,scalar_l8_sched_cos,0.3600171956,8.1374541910,med_vs_med,0.2786426536,8.1374541910,1
529,_round529_fastdiscover_records.jsonl,arc_mc_seed193_discovery,arc_mc,0.2916666667,scalar_l8_train8e5,0.2916666667,0.0000000000,,,,,,0.2916666667,,0
529,_round529_fastdiscover_records.jsonl,mbpp_seed148_headprobe,mbpp,0.4036258103,head_l10_strong,0.4335896276,2.9963817277,0.4989308661,head_l10_strong,0.5273022885,2.8371422471,med_vs_med,0.4989308661,2.8371422471,1
530,_round530_fastdiscover_records.jsonl,protein_ss_seed262_discovery,protein_ss,0.2910336252,scalar_l8_train1e4,0.3148529711,2.3819345887,0.2910336252,scalar_l8_train1e4,0.3148529711,2.3819345887,med_vs_med,0.2910336252,2.3819345887,1
530,_round530_fastdiscover_records.jsonl,squad_seed100_discovery,squad,0.1533838384,scalar_l8_train1e4,0.1558080808,0.2424242424,,,,,,0.1533838384,,0
531,_round531_fastdiscover_records.jsonl,hotpot_seed91_discovery,hotpot,0.0765608266,scalar_l8_train1e4,0.1009891010,2.4428274428,0.0940645774,scalar_l8_train1e4,0.1009891010,0.6924523591,med_vs_med,0.0940645774,0.6924523591,1
531,_round531_fastdiscover_records.jsonl,mbpp_longctx_seed105_repair,mbpp_longctx,0.1347664681,scalar_l8_sched_cos,0.2090995424,7.4333074333,0.2111471861,scalar_l8_sched_cos,0.2384920635,2.7344877345,med_vs_med,0.2111471861,2.7344877345,1
532,_round532_fastdiscover_records.jsonl,arc_mc_seed194_discovery,arc_mc,0.3750000000,scalar_l8_train1e4,0.3750000000,0.0000000000,,,,,,0.3750000000,,0
532,_round532_fastdiscover_records.jsonl,protein_contact_seed36_discovery,protein_contact,0.9687500000,head_l8,0.9687500000,0.0000000000,,,,,,0.9687500000,,0
533,_round533_fastdiscover_records.jsonl,mbpp_seed149_anchor,mbpp,0.4235639982,head_l10_strong,0.4285014322,0.4937434042,,,,,,0.4235639982,,0
533,_round533_fastdiscover_records.jsonl,protein_ss_seed263_discovery,protein_ss,0.3102275646,scalar_l8_sched_cos,0.3152830236,0.5055458992,,,,,,0.3102275646,,0
534,_round534_fastdiscover_records.jsonl,mbpp_longctx_seed106_repair,mbpp_longctx,0.1486661487,head_l8,0.1673141673,1.8648018648,0.1906221019,head_l8,0.2775252525,8.6903150613,med_vs_med,0.1906221019,8.6903150613,1
534,_round534_fastdiscover_records.jsonl,squad_seed101_anchor,squad,0.1559090909,head_l8,0.1483838384,-0.7525252525,,,,,,0.1559090909,,0
540,_round540_fastdiscover_records.jsonl,arc_mc_seed197_discovery,arc_mc,0.3750000000,scalar_l8_train1e4,0.3750000000,0.0000000000,,,,,,0.3750000000,,0
540,_round540_fastdiscover_records.jsonl,protein_contact_seed38_discovery,protein_contact,0.9687500000,head_l8,0.9687500000,0.0000000000,,,,,,0.9687500000,,0
541,_round541_fastdiscover_records.jsonl,mbpp_seed151_anchor,mbpp,0.4412179766,scalar_l8_train1e4,0.4486657621,0.7447785546,,,,,,0.4412179766,,0
541,_round541_fastdiscover_records.jsonl,protein_ss_seed266_discovery,protein_ss,0.3054370702,scalar_l8_sched_cos,0.3016381766,-0.3798893602,,,,,,0.3054370702,,0
542,_round542_fastdiscover_records.jsonl,mbpp_longctx_seed108_repair,mbpp_longctx,0.1524648191,scalar_l8_sched_cos,0.1401191401,-1.2345679012,,,,,,0.1524648191,,0
542,_round542_fastdiscover_records.jsonl,squad_seed103_anchor,squad,0.1358784023,scalar_l8_sched_cos,0.1358784023,0.0000000000,,,,,,0.1358784023,,0
543,_round543_fastdiscover_records.jsonl,arc_mc_seed198_discovery,arc_mc,0.2500000000,scalar_l8_train1e4,0.3750000000,12.5000000000,0.3750000000,scalar_l8_train1e4,0.3750000000,0.0000000000,med_vs_med,0.3750000000,0.0000000000,0
543,_round543_fastdiscover_records.jsonl,hotpot_seed94_discovery,hotpot,0.0693167193,scalar_l8_sched_cos,0.1135418635,4.4225144225,0.0946934225,scalar_l8_sched_cos,0.1135418635,1.8848441022,med_vs_med,0.0946934225,1.8848441022,1
544,_round544_fastdiscover_records.jsonl,protein_contact_seed39_discovery,protein_contact,0.9687500000,head_l8,0.9687500000,0.0000000000,,,,,,0.9687500000,,0
544,_round544_fastdiscover_records.jsonl,protein_ss_seed267_discovery,protein_ss,0.2568821894,scalar_l8_train1e4,0.2769557441,2.0073554613,0.2568821894,scalar_l8_train1e4,0.2799330887,2.3050899242,med_vs_med,0.2568821894,2.3050899242,1
545,_round545_fastdiscover_records.jsonl,mbpp_longctx_seed109_repair,mbpp_longctx,0.1866528533,scalar_l8_train1e4,0.2192005525,3.2547699214,0.2871572872,scalar_l8_train1e4,0.2776334776,-0.9523809524,med_vs_med,0.2871572872,-0.9523809524,0
545,_round545_fastdiscover_records.jsonl,mbpp_seed152_headprobe,mbpp,0.3989904472,scalar_l8_train1e4,0.4486539297,4.9663482414,0.4674418163,scalar_l8_train1e4,0.4712948454,0.3853029044,med_vs_med,0.4674418163,0.3853029044,1
546,_round546_fastdiscover_records.jsonl,arc_mc_seed199_discovery,arc_mc,0.3333333333,scalar_l8_train1e4,0.3333333333,0.0000000000,,,,,,0.3333333333,,0
550,_round550_fastdiscover_records.jsonl,mbpp_seed155_anchor,mbpp,0.3926676020,head_l10_strong,0.4093030829,1.6635480910,0.4832712631,head_l10_strong,0.4767525680,-0.6518695176,med_vs_med,0.4832712631,-0.6518695176,0
550,_round550_fastdiscover_records.jsonl,protein_ss_seed270_discovery,protein_ss,0.2786995534,scalar_l8_sched_cos,0.2933964184,1.4696865026,0.2786995534,scalar_l8_sched_cos,0.2933964184,1.4696865026,med_vs_med,0.2786995534,1.4696865026,1
551,_round551_fastdiscover_records.jsonl,arc_mc_seed202_discovery,arc_mc,0.3333333333,scalar_l8_train1e4,0.4166666667,8.3333333333,0.4166666667,scalar_l8_train1e4,0.4583333333,4.1666666667,med_vs_med,0.4166666667,4.1666666667,1
551,_round551_fastdiscover_records.jsonl,mbpp_seed156_headprobe,mbpp,0.4186265641,head_l10_strong,0.4135383688,-0.5088195387,,,,,,0.4186265641,,0
552,_round552_fastdiscover_records.jsonl,mbpp_longctx_seed111_repair,mbpp_longctx,0.1325217992,head_l8,0.1549684883,2.2446689113,0.1625999449,head_l8,0.1549684883,-0.7631456556,med_vs_med,0.1625999449,-0.7631456556,0
552,_round552_fastdiscover_records.jsonl,protein_ss_seed271_discovery,protein_ss,0.2874587644,scalar_l8_train1e4,0.3108191151,2.3360350663,0.2874587644,scalar_l8_train1e4,0.3108191151,2.3360350663,med_vs_med,0.2874587644,2.3360350663,1
553,_round553_fastdiscover_records.jsonl,mbpp_longctx_seed112_repair,mbpp_longctx,0.1340758007,scalar_l8_sched_cos,0.1509108176,1.6835016835,0.2152958153,scalar_l8_sched_cos,0.2132756133,-0.2020202020,med_vs_med,0.2152958153,-0.2020202020,0
553,_round553_fastdiscover_records.jsonl,mbpp_seed157_headprobe,mbpp,0.3967650890,head_l10_strong,0.4036258103,0.6860721328,,,,,,0.3967650890,,0
554,_round554_fastdiscover_records.jsonl,arc_mc_seed203_discovery,arc_mc,0.2916666667,scalar_l8_train1e4,0.3333333333,4.1666666667,0.3333333333,scalar_l8_train1e4,0.3333333333,0.0000000000,med_vs_med,0.3333333333,0.0000000000,0
554,_round554_fastdiscover_records.jsonl,protein_ss_seed272_discovery,protein_ss,0.2757025302,scalar_l8_train1e4,0.3192041010,4.3501570755,0.2986766247,scalar_l8_train1e4,0.3192041010,2.0527476246,med_vs_med,0.2986766247,2.0527476246,1
555,_round555_fastdiscover_records.jsonl,arc_mc_seed204_discovery,arc_mc,0.4583333333,scalar_l8_train1e4,0.4166666667,-4.1666666667,,,,,,0.4583333333,,0
555,_round555_fastdiscover_records.jsonl,mbpp_seed158_anchor,mbpp,0.4172818063,scalar_l8_train1e4,0.4236770692,0.6395262860,,,,,,0.4172818063,,0
556,_round556_fastdiscover_records.jsonl,mbpp_seed159_headprobe,mbpp,0.4185511835,scalar_l8_train1e4,0.4286521936,1.0101010101,0.4660885800,scalar_l8_train1e4,0.4842453286,1.8156748668,med_vs_med,0.4660885800,1.8156748668,1
556,_round556_fastdiscover_records.jsonl,protein_ss_seed273_discovery,protein_ss,0.2452306314,scalar_l8_sched_cos,0.2754429892,3.0212357777,0.3032223519,scalar_l8_sched_cos,0.2847394061,-1.8482945788,med_vs_med,0.3032223519,-1.8482945788,0
557,_round557_fastdiscover_records.jsonl,arc_mc_seed205_discovery,arc_mc,0.3333333333,scalar_l8_train8e5,0.4166666667,8.3333333333,0.3333333333,scalar_l8_train8e5,0.4166666667,8.3333333333,med_vs_med,0.3333333333,8.3333333333,1
557,_round557_fastdiscover_records.jsonl,mbpp_longctx_seed113_repair,mbpp_longctx,0.1385651386,head_l8,0.1549684883,1.6403349737,0.1601010101,head_l8,0.1957875458,3.5686535687,med_vs_med,0.1601010101,3.5686535687,1
558,_round558_fastdiscover_records.jsonl,mbpp_seed160_anchor,mbpp,0.4023058623,scalar_l8_sched_cos,0.4210387457,1.8732883407,0.4590851743,scalar_l8_sched_cos,0.4747444402,1.5659265817,med_vs_med,0.4590851743,1.5659265817,1
558,_round558_fastdiscover_records.jsonl,protein_ss_seed274_discovery,protein_ss,0.2968304843,scalar_l8_sched_cos,0.3014601140,0.4629629630,,,,,,0.2968304843,,0
559,_round559_fastdiscover_records.jsonl,arc_mc_seed206_discovery,arc_mc,0.4166666667,scalar_l8_sched_cos,0.3750000000,-4.1666666667,,,,,,0.4166666667,,0
559,_round559_fastdiscover_records.jsonl,mbpp_seed161_headprobe,mbpp,0.4185888738,scalar_l8_sched_cos,0.4336650083,1.5076134479,0.4570844562,scalar_l8_sched_cos,0.4585894226,0.1504966389,med_vs_med,0.4570844562,0.1504966389,1
560,_round560_fastdiscover_records.jsonl,mbpp_longctx_seed114_repair,mbpp_longctx,0.1378744712,head_l8,0.1370111370,-0.0863334197,,,,,,0.1378744712,,0
560,_round560_fastdiscover_records.jsonl,protein_ss_seed275_discovery,protein_ss,0.2968304843,scalar_l8_train1e4,0.3040536560,0.7223171702,,,,,,0.2968304843,,0
561,_round561_fastdiscover_records.jsonl,mbpp_longctx_seed115_repair,mbpp_longctx,0.1509108176,scalar_l8_sched_cos,0.1255287922,-2.5382025382,,,,,,0.1509108176,,0
561,_round561_fastdiscover_records.jsonl,mbpp_seed162_headprobe,mbpp,0.3984622343,scalar_l8_train1e4,0.4148111999,1.6348965619,0.4578846809,scalar_l8_train1e4,0.4698317619,1.1947081068,med_vs_med,0.4578846809,1.1947081068,1
562,_round562_fastdiscover_records.jsonl,arc_mc_seed207_discovery,arc_mc,0.3750000000,scalar_l8_train1e4,0.3750000000,0.0000000000,,,,,,0.3750000000,,0
562,_round562_fastdiscover_records.jsonl,protein_ss_seed276_discovery,protein_ss,0.2955790798,scalar_l8_sched_cos,0.3001245343,0.4545454545,,,,,,0.2955790798,,0
563,_round563_fastdiscover_records.jsonl,arc_mc_seed208_discovery,arc_mc,0.3750000000,scalar_l8_train1e4,0.3750000000,0.0000000000,,,,,,0.3750000000,,0
563,_round563_fastdiscover_records.jsonl,mbpp_seed163_anchor,mbpp,0.3915238211,head_l10_strong,0.4228180634,3.1294242252,0.4696989749,head_l10_strong,0.4758321025,0.6133127580,med_vs_med,0.4696989749,0.6133127580,1
564,_round564_fastdiscover_records.jsonl,mbpp_seed164_headprobe,mbpp,0.4413161465,head_l10_strong,0.4261269411,-1.5189205488,,,,,,0.4413161465,,0
564,_round564_fastdiscover_records.jsonl,protein_ss_seed277_discovery,protein_ss,0.3011167074,head_l8,0.2998163679,-0.1300339470,,,,,,0.3011167074,,0
565,_round565_fastdiscover_records.jsonl,arc_mc_seed209_discovery,arc_mc,0.3750000000,scalar_l8_train1e4,0.3750000000,0.0000000000,,,,,,0.3750000000,,0
565,_round565_fastdiscover_records.jsonl,mbpp_longctx_seed116_repair,mbpp_longctx,0.1426228093,head_l8,0.1509108176,0.8288008288,,,,,,0.1426228093,,0
566,_round566_fastdiscover_records.jsonl,mbpp_seed165_anchor,mbpp,0.4085632444,scalar_l8_sched_cos,0.4235639982,1.5000753807,0.4730056362,scalar_l8_sched_cos,0.4870872353,1.4081599161,med_vs_med,0.4730056362,1.4081599161,1
566,_round566_fastdiscover_records.jsonl,protein_ss_seed278_discovery,protein_ss,0.2968304843,head_l8,0.2968304843,0.0000000000,,,,,,0.2968304843,,0
567,_round567_fastdiscover_records.jsonl,arc_mc_seed210_discovery,arc_mc,0.3750000000,scalar_l8_train1e4,0.3750000000,0.0000000000,,,,,,0.3750000000,,0
567,_round567_fastdiscover_records.jsonl,mbpp_seed166_headprobe,mbpp,0.4134252978,scalar_l8_sched_cos,0.4285768129,1.5151515152,0.4555981856,scalar_l8_sched_cos,0.4714390175,1.5840831912,med_vs_med,0.4555981856,1.5840831912,1
568,_round568_fastdiscover_records.jsonl,mbpp_longctx_seed117_repair,mbpp_longctx,0.1239747906,scalar_l8_train1e4,0.1774151774,5.3440386774,0.2546176046,scalar_l8_train1e4,0.2544372294,-0.0180375180,med_vs_med,0.2546176046,-0.0180375180,0
568,_round568_fastdiscover_records.jsonl,protein_ss_seed279_discovery,protein_ss,0.2349658732,head_l8,0.2592565736,2.4290700392,0.2901348131,head_l8,0.2690266933,-2.1108119876,med_vs_med,0.2901348131,-2.1108119876,0
569,_round569_fastdiscover_records.jsonl,arc_mc_seed211_repro,arc_mc,0.3333333333,scalar_l8_train1e4,0.4166666667,8.3333333333,0.3333333333,scalar_l8_train1e4,0.4166666667,8.3333333333,med_vs_med,0.3333333333,8.3333333333,1
569,_round569_fastdiscover_records.jsonl,mbpp_seed167_repro,mbpp,0.4084878637,scalar_l8_train1e4,0.4135383688,0.5050505051,,,,,,0.4084878637,,0
